{
  "Default": {
    "ThirdParty": {
      "Example1": {
        "name": "Google Chrome",
        "type": "deb",
        "url": "http://dl.google.com/linux/chrome/deb/",
        "key": "https://dl.google.com/linux/linux_signing_key.pub",
        "codename": "stable",
        "component": "main"
      },
      "Example2": {
        "name": "Visual Studio Code",
        "type": "deb",
        "url": "https://packages.microsoft.com/repos/code",
        "key": "https://packages.microsoft.com/keys/microsoft.asc",
        "codename": "stable",
        "component": "main"
      }
    }
  }
}
