{
  "HPCompaqElite8300SFF": {
    "Packages": [
      "vlc",
      "ktorrent",
      "audacious",
      "audacity",
      "clamav",
      "inkscape",
      "lyx",
      "kde-full",
      "idle",
      "timeshift",
      "ufw",
      "cifs-utils",
      "bluetooth",
      "bluez",
      "blueman",
      "joystick",
      "antimicro",
      "gnome-network-displays",
      "openssh-server",
      "retroarch",
      "curl"
    ],
    "DEB": {
      "plexmediaserver": {
        "DownloadURL": "https://downloads.plex.tv/plex-media-server-new/1.40.5.8854-f36c552fd/debian/plexmediaserver_1.40.5.8854-f36c552fd_amd64.deb",
        "EnableService": true
      }
    }
  }
}
