{
  "default": {
    "Services": {
      "ExampleService": {
        "Order": 1,
        "Name": "example_service",
        "ScriptSrc": "Services/example/example-template.sh",
        "ScriptDest": "/usr/local/bin/example_service.sh",
        "ConfigSrc": "Services/example/example_config-template.json",
        "ConfigDest": "/etc/example_service_config.json",
        "ServiceSrc": "Services/example/example-template.service",
        "ServiceDest": "/etc/systemd/system/example_service.service",
        "ServiceName": "example_service.service",
        "LogPath": "/var/log/example_service.log",
        "LogrotateCfg": "Services/example/example_service.logrotate"
      }
    }
  }
}
