{
  "Default": {
    "IPTV": {
      "Example1": {
        "Service": "xTeVe",
        "ServiceURL": "http://127.0.0.1:34400",
        "PlaylistFile": "/etc/xteve/example1.m3u",
        "userName": "xteve",
        "CamDir":[ "/etc/xteve",
                   "/var/lib/xteve",
                    "/var/log/xteve",
                    "tmp/xteve"],
        "EPGFile": "/etc/xteve/example1.xml",
        "RestartService": true,
        "ServiceName": "xteve",
        "ServiceTemplate": "Services/IPCam/xteve-template.service",

        "BinaryName": "xteve",
        "AptPackageName": "",
        "DownloadURL": "https://example.com/downloads/xteve.zip",
        "InstallDir": "/opt/xteve",
        "SymlinkPath": "/usr/local/bin/xteve",
        "Instructions": [
          "Open http://<server-ip>:34400/web in your browser.",
          "Set M3U Playlist Path to: /etc/xteve/example1.m3u",
          "Set XMLTV File to: /etc/xteve/example1.xml",
          "Complete the setup wizard and save."
        ],
        "Cameras": [
          { 
            "Name": "Example Camera 1", 
            "URL": "rtsp://1.1.1.10:8080/stream.sdp",
            "Description": "Front door – RTSP stream"
          }
        ]
      }
    }
  }
}

