{
  "Default": {
    "Functions": {
      "apt_repo_utils.py": {
        "ModuleFolder": "$HOME/Documents/GitHub/DebianScripts/modules",
        "CheckFolders": ["$HOME/Documents/GitHub/DebianScripts/constants"],
        "CheckFiles": ["$HOME/Documents/GitHub/DebianScripts/DebianLoader.py"]
      },
      "archive_utils.py": {
        "ModuleFolder": "$HOME/Documents/GitHub/DebianScripts/modules",
        "CheckFolders": ["$HOME/Documents/GitHub/DebianScripts/constants"],
        "CheckFiles": ["$HOME/Documents/GitHub/DebianScripts/DebianLoader.py"]
      },
      "camera_utils.py": {
        "ModuleFolder": "$HOME/Documents/GitHub/DebianScripts/modules",
        "CheckFolders": ["$HOME/Documents/GitHub/DebianScripts/constants"],
        "CheckFiles": ["$HOME/Documents/GitHub/DebianScripts/DebianLoader.py"]
      },
      "display_utils.py": {
        "ModuleFolder": "$HOME/Documents/GitHub/DebianScripts/modules",
        "CheckFolders": ["$HOME/Documents/GitHub/DebianScripts/constants"],
        "CheckFiles": ["$HOME/Documents/GitHub/DebianScripts/DebianLoader.py"]
      },
      "docker_utils.py": {
        "ModuleFolder": "$HOME/Documents/GitHub/DebianScripts/modules",
        "CheckFolders": ["$HOME/Documents/GitHub/DebianScripts/constants"],
        "CheckFiles": ["$HOME/Documents/GitHub/DebianScripts/DebianLoader.py"]
      },
      "download_utils.py": {
        "ModuleFolder": "$HOME/Documents/GitHub/DebianScripts/modules",
        "CheckFolders": ["$HOME/Documents/GitHub/DebianScripts/constants"],
        "CheckFiles": ["$HOME/Documents/GitHub/DebianScripts/DebianLoader.py"]
      },
      "firewall_utils.py": {
        "ModuleFolder": "$HOME/Documents/GitHub/DebianScripts/modules",
        "CheckFolders": ["$HOME/Documents/GitHub/DebianScripts/constants"],
        "CheckFiles": ["$HOME/Documents/GitHub/DebianScripts/DebianLoader.py"]
      },
      "flatpak_utils.py": {
        "ModuleFolder": "$HOME/Documents/GitHub/DebianScripts/modules",
        "CheckFolders": ["$HOME/Documents/GitHub/DebianScripts/constants"],
        "CheckFiles": ["$HOME/Documents/GitHub/DebianScripts/DebianLoader.py"]
      },
      "function_utils.py": {
        "ModuleFolder": "$HOME/Documents/GitHub/DebianScripts/modules",
        "CheckFolders": ["$HOME/Documents/GitHub/DebianScripts/constants"],
        "CheckFiles": ["$HOME/Documents/GitHub/DebianScripts/DebianLoader.py"]
      },
      "json_utils.py": {
        "ModuleFolder": "$HOME/Documents/GitHub/DebianScripts/modules",
        "CheckFolders": ["$HOME/Documents/GitHub/DebianScripts/constants"],
        "CheckFiles": ["$HOME/Documents/GitHub/DebianScripts/DebianLoader.py"]
      },
      "logger_utils.py": {
        "ModuleFolder": "$HOME/Documents/GitHub/DebianScripts/modules",
        "CheckFolders": ["$HOME/Documents/GitHub/DebianScripts/constants"],
        "CheckFiles": ["$HOME/Documents/GitHub/DebianScripts/DebianLoader.py"]
      },
      "network_utils.py": {
        "ModuleFolder": "$HOME/Documents/GitHub/DebianScripts/modules",
        "CheckFolders": ["$HOME/Documents/GitHub/DebianScripts/constants"],
        "CheckFiles": ["$HOME/Documents/GitHub/DebianScripts/DebianLoader.py"]
      },
      "package_utils.py": {
        "ModuleFolder": "$HOME/Documents/GitHub/DebianScripts/modules",
        "CheckFolders": ["$HOME/Documents/GitHub/DebianScripts/constants"],
        "CheckFiles": ["$HOME/Documents/GitHub/DebianScripts/DebianLoader.py"]
      },
      "rdp_utils.py": {
        "ModuleFolder": "$HOME/Documents/GitHub/DebianScripts/modules",
        "CheckFolders": ["$HOME/Documents/GitHub/DebianScripts/constants"],
        "CheckFiles": ["$HOME/Documents/GitHub/DebianScripts/DebianLoader.py"]
      },
      "service_utils.py": {
        "ModuleFolder": "$HOME/Documents/GitHub/DebianScripts/modules",
        "CheckFolders": ["$HOME/Documents/GitHub/DebianScripts/constants"],
        "CheckFiles": ["$HOME/Documents/GitHub/DebianScripts/DebianLoader.py"]
      },
      "state_machine_utils.py": {
        "ModuleFolder": "$HOME/Documents/GitHub/DebianScripts/modules",
        "CheckFolders": ["$HOME/Documents/GitHub/DebianScripts/constants"],
        "CheckFiles": ["$HOME/Documents/GitHub/DebianScripts/DebianLoader.py"]
      },
      "system_utils.py": {
        "ModuleFolder": "$HOME/Documents/GitHub/DebianScripts/modules",
        "CheckFolders": ["$HOME/Documents/GitHub/DebianScripts/constants"],
        "CheckFiles": ["$HOME/Documents/GitHub/DebianScripts/DebianLoader.py"]
      }
    }
  }
}
