{
  "Default": {
    "Launcher": {
      "flex-launcher": {
        "DownloadURL": "https://github.com/complexlogic/flex-launcher/releases/download/v2.2/flex-launcher_2.2_amd64.deb",
        "EnableService": false,
        "download_dir": "/tmp/launcher-downloads",
        "RemovePaths": ["/home/launcher/.config/flex-launcher/*.ini"],
        "SetupDirs": [
          "/home/launcher/.config/flex-launcher",
          "/etc/sddm.conf.d",
          "/home/launcher/.config/openbox",
          "/home/launcher/.config/dconf",
          "/home/launcher/.config/akonadi",
          "/home/launcher/.config/kdeconnect"
        ],
        "ResetDirs": [
          "/home/launcher/.config/flex-launcher"
        ],
        "UserGroups": ["audio", "video"],

        "SettingsFiles": [
          { "copyName": "FlexINI", "src": "settings/flex/Default/Default-Flex-Template-config.ini", "dest": "/home/launcher/.config/flex-launcher/config.ini" }
        ],
        "SettingsFolders": [],
        "KioskFiles": [
          { "copyName": "SDDM autologin", "src": "settings/flex/Default/Default-Flex-50-autologin.conf", "dest": "/etc/sddm.conf.d/10-autologin.conf" },
          { "copyName": "Openbox autostart", "src": "settings/flex/Default/Default-Flex-autostart.sh", "dest": "/home/launcher/.config/openbox/autostart" },
          { "copyName": "DMRC", "src": "settings/flex/Default/Default-Flex-dmrc", "dest": "/home/launcher/.dmrc" }
        ],

        "ChmodPaths": [
          { "path": "/home/launcher/.dmrc", "mode": "600" },
          { "path": "/home/launcher/.config/openbox/autostart", "mode": "755" }
        ],
        "ChownUser": "launcher",
        "ChownPaths": [
          "/home/launcher/.dmrc",
          "/home/launcher/.config"
        ],
        "ChownRecursive": true,

        "KioskRemovePaths": [
          "/home/launcher/.config/openbox/autostart",
          "/etc/sddm.conf.d/10-autologin.conf",
          "/home/launcher/.dmrc"
        ]
      }
    }
  }
}
