{
  "default": {
    "Services": {
      "example-service": {
        "Name": "ExampleService",
        "ScriptSrc": "Services/example_script-template.sh",
        "ScriptDest": "/usr/local/bin/example_script.sh",
        "ServiceSrc": "Services/example_service-template.service",
        "ServiceDest": "/etc/systemd/system/example_service.service",
        "ServiceName": "example_service.service",
        "LogPath": "/var/log/example_service.log",
        "LogrotateCfg": "Services/example_service.logrotate",
        "Description": "This is a placeholder service entry for demonstration purposes."
      }
    }
  }
}
