{
  "Default": {
    "Arcade": {
      "mame": {
        "Packages": ["mame", "mame-data", "mame-tools"],
        "SetupCmds": [
          "/usr/games/mame -listxml > ~/Arcade/mame.xml && echo \"mame.xml export completed!\""
        ],
        "RemovePaths": [
          "~/.mame/*.ini"
        ],
        "ResetCmds": [
          "mkdir -p ~/.mame",
          "bash -lc 'cd ~/.mame && /usr/games/mame -createconfig'"
        ],
        "SettingsFiles": [
          { "copyName": "MainConfig", "src": "settings/mame/Default/Default-mame_template.ini", "dest": "~/.mame/mame.ini" },
          { "copyName": "UIConfig", "src": "settings/mame/Default/Default-ui_template.ini", "dest": "~/.mame/ui.ini" },
          { "copyName": "PluginConfig", "src": "settings/mame/Default/Default-plugin_template.ini", "dest": "~/.mame/plugin.ini" }
        ]
      },
      "retroarch": {
        "Packages": [
          "retroarch",
          "libretro-core-info",
          "libretro-nestopia",
          "libretro-snes9x",
          "libretro-genesisplusgx",
          "libretro-beetle-psx",
          "libretro-mgba",
          "libretro-gambatte",
          "libretro-desmume",
          "libretro-beetle-pce-fast",
          "libretro-beetle-vb",
          "libretro-beetle-wswan",
          "libretro-bsnes-mercury-accuracy",
          "libretro-bsnes-mercury-balanced",
          "libretro-bsnes-mercury-performance"
        ],
        "SetupCmds": [
          "bash -lc 'mkdir -p ~/.config/retroarch/system ~/.config/retroarch/system/pcsx2/bios'",
          "bash -lc 'python3 settings/retroarch/generate_playlists.py --core-map Default/Default-CoreMap.json'"
        ],
        "RemovePaths": [
          "~/.config/retroarch/retroarch.cfg",
          "~/.config/retroarch/playlists/*.lpl"
        ],
        "ResetCmds": [
          "mkdir -p ~/.config/retroarch/cores ~/.config/retroarch/saves ~/.config/retroarch/states ~/.config/retroarch/system ~/.config/retroarch/playlists"
        ],
        "SettingsFiles": [
          { "copyName": "PSX BIOS scph1001.bin", "src": "~/Arcade/Sony Playstation/bios/scph1001.bin", "dest": "~/.config/retroarch/system/scph1001.bin" },
          { "copyName": "PSX BIOS scph5502.bin", "src": "~/Arcade/Sony Playstation/bios/scph5502.bin", "dest": "~/.config/retroarch/system/scph5502.bin" },
          { "copyName": "PS2 BIOS scph39001.bin", "src": "~/Arcade/Sony Playstation 2/bios/scph39001.bin", "dest": "~/.config/retroarch/system/pcsx2/bios/scph39001.bin" },
          { "copyName": "PS2 BIOS SCPH-70004_BIOS_V12_PAL_200.BIN", "src": "~/Arcade/Sony Playstation 2/bios/SCPH-70004_BIOS_V12_PAL_200.BIN", "dest": "~/.config/retroarch/system/pcsx2/bios/SCPH-70004_BIOS_V12_PAL_200.BIN" }
        ]
      }
    }
  }
}
