{
  "Default": {
    "Backup": {
      "HomeBackup": {
        "CopyFolders": [
          {
            "copyName": "TestFolderCopy",
            "src": "$HOME/Downloads/test_source_folder",
            "dest": "$HOME/Downloads/test_backup_folder"
          }
        ],
        "CopyFiles": [
          {
            "copyName": "ExampleTextFile",
            "src": "$HOME/Downloads/example.txt",
            "dest": "$HOME/Downloads/test_backup_folder/example.txt"
          }
        ],
        "ZipArchives": [
          {
            "zipName": "TestBackupArchive",
            "src": "$HOME/Downloads/test_backup_folder",
            "output": "$HOME/Downloads/test_backup_archive.zip"
          }
        ],
        "CheckPath": "$HOME/Downloads/test_backup_folder"
      }
    }
  }
}
