{
  "HPCompaqElite8300SFF": {
    "Applications": ["KTorrent"],
    "SinglePorts": [
      {
        "Port": 32400,
        "Protocol": "tcp",
        "IPs": ["192.168.4.150"]
      },
      {
        "Port": 1900,
        "Protocol": "tcp",
        "IPs": ["192.168.4.150"]
      },
      {
        "Port": 5353,
        "Protocol": "tcp",
        "IPs": ["192.168.4.150"]
      },
      {
        "Port": 8324,
        "Protocol": "tcp",
        "IPs": ["192.168.4.150"]
      },
      {
        "Port": 32469,
        "Protocol": "tcp",
        "IPs": ["192.168.4.150"]
      },
      {
        "Port": 22,
        "Protocol": "tcp",
        "IPs": [
          "192.168.4.50",
          "192.168.4.60",
          "192.168.4.100",
          "192.168.4.200"
        ]
      },
      {
        "Port": 3389,
        "Protocol": "tcp",
        "IPs": [
          "192.168.4.50",
          "192.168.4.60",
          "192.168.4.100",
          "192.168.4.200"
        ]
      }
    ],
    "PortRanges": [
      {
        "StartPort": 32410,
        "EndPort": 32414,
        "Protocol": "tcp",
        "IPs": ["192.168.4.150"]
      }
    ]
  }
}
