--
-- PostgreSQL database dump
--

\restrict v3MiPE0wecDJGKDchIaWe2zY4NcmuD1AS7rWbSygdGvmXY3vLiXS2atiBMGiBDN

-- Dumped from database version 16.11 (Debian 16.11-1.pgdg13+1)
-- Dumped by pg_dump version 18.1

SET statement_timeout = 0;
SET lock_timeout = 0;
SET idle_in_transaction_session_timeout = 0;
SET transaction_timeout = 0;
SET client_encoding = 'UTF8';
SET standard_conforming_strings = on;
SELECT pg_catalog.set_config('search_path', '', false);
SET check_function_bodies = false;
SET xmloption = content;
SET client_min_messages = warning;
SET row_security = off;

SET default_tablespace = '';

SET default_table_access_method = heap;

--
-- Name: job_register; Type: TABLE; Schema: public; Owner: appuser
--

CREATE TABLE public.job_register (
    id bigint NOT NULL,
    application_method text,
    candidates double precision,
    company_name text,
    contact_email_phone text,
    contact_person text,
    date_applied text,
    date_closed text,
    date_found text,
    documents_sent text,
    employment_type text,
    feedback_received text,
    industry_type text,
    interview_date_s text,
    job_reference_id text,
    job_source text,
    job_title text,
    link text,
    location text,
    missing_skills text,
    notes text,
    response_date text,
    result text,
    self_reflection text,
    status text,
    dghadg character varying(255),
    sasac character varying(255)
);


ALTER TABLE public.job_register OWNER TO appuser;

--
-- Name: job_register__documents_sent_list; Type: TABLE; Schema: public; Owner: appuser
--

CREATE TABLE public.job_register__documents_sent_list (
    parent_id bigint NOT NULL,
    item_index integer NOT NULL,
    item_value text,
    job_register_id bigint
);


ALTER TABLE public.job_register__documents_sent_list OWNER TO appuser;

--
-- Name: job_register__missing_skills_list; Type: TABLE; Schema: public; Owner: appuser
--

CREATE TABLE public.job_register__missing_skills_list (
    parent_id bigint NOT NULL,
    item_index integer NOT NULL,
    item_value text
);


ALTER TABLE public.job_register__missing_skills_list OWNER TO appuser;

--
-- Name: job_register_id_seq; Type: SEQUENCE; Schema: public; Owner: appuser
--

ALTER TABLE public.job_register ALTER COLUMN id ADD GENERATED BY DEFAULT AS IDENTITY (
    SEQUENCE NAME public.job_register_id_seq
    START WITH 1
    INCREMENT BY 1
    NO MINVALUE
    NO MAXVALUE
    CACHE 1
);


--
-- Name: tesfsfsfs; Type: TABLE; Schema: public; Owner: appuser
--

CREATE TABLE public.tesfsfsfs (
    id bigint NOT NULL
);


ALTER TABLE public.tesfsfsfs OWNER TO appuser;

--
-- Name: tesfsfsfs_id_seq; Type: SEQUENCE; Schema: public; Owner: appuser
--

ALTER TABLE public.tesfsfsfs ALTER COLUMN id ADD GENERATED ALWAYS AS IDENTITY (
    SEQUENCE NAME public.tesfsfsfs_id_seq
    START WITH 1
    INCREMENT BY 1
    NO MINVALUE
    NO MAXVALUE
    CACHE 1
);


--
-- Data for Name: job_register; Type: TABLE DATA; Schema: public; Owner: appuser
--

COPY public.job_register (id, application_method, candidates, company_name, contact_email_phone, contact_person, date_applied, date_closed, date_found, documents_sent, employment_type, feedback_received, industry_type, interview_date_s, job_reference_id, job_source, job_title, link, location, missing_skills, notes, response_date, result, self_reflection, status, dghadg, sasac) FROM stdin;
1	Online Form	\N	Sunstone Talent	\N	\N	2025-07-12T00:00:00.000	\N	2025-07-12T00:00:00.000	\N	Full-Time	\N	Information Technology	\N	85127497	Seek	Manual Software Tester	https://www.seek.co.nz/expiredjob/85127497?ref=applied	Christchurch	\N	\N	\N	No Reply	\N	No Reply	\N	\N
2	Online Form	\N	Zeal Consultants	\N	\N	2025-07-12T00:00:00.000	\N	2025-07-12T00:00:00.000	\N	Full-Time	\N	Information Technology	\N	85452532	Seek	Technical Consultant	https://www.seek.co.nz/expiredjob/85452532?ref=applied	Christchurch	\N	\N	\N	No Reply	\N	No Reply	\N	\N
3	Online Form	\N	CodeMatch NZ	\N	\N	2025-07-12T00:00:00.000	\N	2025-07-12T00:00:00.000	\N	Full-Time	\N	Information Technology	\N	85627264	Seek	Technical Business Analyst	https://www.seek.co.nz/expiredjob/85627264?ref=applied	Christchurch	\N	\N	\N	No Reply	\N	No Reply	\N	\N
4	Online Form	\N	Sunstone Talent	\N	\N	2025-07-12T00:00:00.000	\N	2025-07-12T00:00:00.000	\N	Full-Time	\N	Information Technology	\N	85626050	Seek	Intermediate IT Support Enginee	https://www.seek.co.nz/expiredjob/85626050?ref=applied	Christchurch	\N	\N	\N	No Reply	\N	No Reply	\N	\N
5	Online Form	\N	Crew Technology Recruitment	\N	\N	2025-07-12T00:00:00.000	\N	2025-07-12T00:00:00.000	\N	Full-Time	\N	Information Technology	\N	85537896	Seek	Functional Analyst	https://www.seek.co.nz/expiredjob/85537896?ref=applied	Christchurch	\N	\N	\N	No Reply	\N	No Reply	\N	\N
6	Online Form	\N	Vision Systems	\N	\N	2025-07-14T00:00:00.000	\N	2025-07-14T00:00:00.000	\N	Full-Time	\N	Information Technology	\N	85618299	Seek	Sales Person	https://www.seek.co.nz/expiredjob/85618299?ref=applied	Christchurch	\N	\N	\N	No Reply	\N	No Reply	\N	\N
7	Online Form	\N	Cyclone	\N	\N	2025-07-16T00:00:00.000	\N	2025-07-16T00:00:00.000	\N	Full-Time	\N	Information Technology	\N	85184457	Seek	Support Engineer	https://www.seek.co.nz/expiredjob/85184457?ref=applied	Christchurch	\N	\N	\N	Rejected	\N	Rejected	\N	\N
8	Online Form	\N	Geeks on Wheels	\N	\N	2025-07-15T00:00:00.000	\N	2025-08-15T00:00:00.000	\N	Full-Time	\N	Information Technology	\N	85360802	Seek	Mobile PC Technician and Consultant	https://www.seek.co.nz/expiredjob/85360802?ref=applied	Christchurch	\N	\N	\N	No Reply	\N	No Reply	\N	\N
9	Online Form	\N	Horizon Energy Group	\N	\N	2025-08-19T00:00:00.000	\N	2025-08-19T00:00:00.000	\N	Full-Time	\N	Information Technology	\N	86452607	Seek	ICT service Desk Support	https://www.seek.co.nz/expiredjob/86452607?ref=applied	Christchurch	\N	\N	\N	No Reply	\N	No Reply	\N	\N
10	Online Form	205	Swiftpoint Limited	\N	\N	2025-08-19T00:00:00.000	\N	2025-08-19T00:00:00.000	\N	Full-Time	\N	Information Technology	\N	86443038	Seek	Technical Support Specialist	https://www.seek.co.nz/expiredjob/86443038?ref=applied	Christchurch	\N	\N	\N	Rejected	\N	Rejected	\N	\N
11	Online Form	177	Civtec Limited	\N	\N	2025-08-19T00:00:00.000	\N	2025-08-19T00:00:00.000	\N	Full-Time	\N	Information Technology	\N	86545705	Seek	Fibre Technician	https://www.seek.co.nz/expiredjob/86545705?ref=applied	Christchurch	\N	\N	\N	No Reply	Phoned on the 26/08/25 said they would get back never did	No Reply	\N	\N
12	Online Form	\N	FUJIFILM Business Innovation New Zealand Limited	\N	\N	2025-08-19T00:00:00.000	\N	2025-08-19T00:00:00.000	\N	Full-Time	\N	Information Technology	\N	86472991	Seek	Service Desk Technician	https://www.seek.co.nz/expiredjob/86472991?ref=applied	Christchurch	\N	\N	\N	No Reply	\N	No Reply	\N	\N
13	Online Form	\N	Deloitte - NZ	\N	\N	2025-08-19T00:00:00.000	\N	2025-08-19T00:00:00.000	\N	Full-Time	\N	Information Technology	\N	86018748	Seek	Statistical & Data Technician	https://www.seek.co.nz/expiredjob/86018748?ref=applied	Christchurch	\N	\N	\N	No Reply	\N	No Reply	\N	\N
14	Online Form	\N	Stats NZ	\N	\N	2025-08-19T00:00:00.000	\N	2025-08-19T00:00:00.000	\N	Full-Time	\N	Information Technology	\N	86238427	Seek	Design Analyst	https://www.seek.co.nz/expiredjob/86238427?ref=applied	Christchurch	\N	\N	\N	No Reply	\N	No Reply	\N	\N
15	Online Form	256	Tevalis APAC (NZ) Limited	\N	\N	2025-09-08T00:00:00.000	\N	2025-09-08T00:00:00.000	\N	Full-Time	\N	Information Technology	\N	86991131	Seek	IT Help Desk	https://www.seek.co.nz/expiredjob/86991131?ref=applied	Christchurch	\N	\N	\N	No Reply	\N	No Reply	\N	\N
16	Online Form	\N	Horizon Energy Group	\N	\N	2025-09-08T00:00:00.000	\N	2025-09-08T00:00:00.000	\N	Full-Time	\N	Information Technology	\N	86452607	Seek	ICT service Desk Support	https://www.seek.co.nz/expiredjob/86452607?ref=applied	Christchurch	\N	\N	\N	No Reply	\N	No Reply	\N	\N
17	Online Form	\N	PGG Wrightson Seeds	\N	\N	2025-09-08T00:00:00.000	\N	2025-09-08T00:00:00.000	\N	Full-Time	\N	Information Technology	\N	86696176	Seek	IT Support Technician	https://www.seek.co.nz/expiredjob/86696176?ref=applied	Christchurch	\N	\N	\N	No Reply	\N	No Reply	\N	\N
18	Online Form	381	Business IT Limited	\N	\N	2025-09-08T00:00:00.000	\N	2025-09-08T00:00:00.000	\N	Full-Time	\N	Information Technology	\N	86655525	Seek	IT Support Technician	https://www.seek.co.nz/expiredjob/86655525?ref=applied	Christchurch	\N	\N	\N	No Reply	\N	No Reply	\N	\N
19	Online Form	40	Greenbox	\N	\N	2025-09-08T00:00:00.000	\N	2025-09-08T00:00:00.000	\N	Full-Time	\N	Information Technology	\N	86823127	Seek	Services Technician	https://www.seek.co.nz/expiredjob/86823127?ref=applied	Christchurch	\N	\N	\N	No Reply	\N	No Reply	\N	\N
20	Online Form	\N	Stats NZ	\N	\N	2025-09-27T00:00:00.000	2025-10-02T00:00:00.000	2025-09-26T00:00:00.000	\N	Part-Time	Generic Email	Information Technology	\N	16414	Company Website	Statistical & Data Technician	https://www.seek.co.nz/expiredjob/86238427?ref=applied	Christchurch	\N	\N	10/22/25	Rejected	\N	Rejected	\N	\N
21	Online Form	1875	Promisia Healthcare Limited	\N	\N	2025-09-28T00:00:00.000	\N	2025-09-28T00:00:00.000	\N	Part-Time	\N	Aged & Disability Suppor	\N	87097838	Seek	Caregiver	https://www.seek.co.nz/job/87097838?ref=applied	Christchurch	\N	\N	\N	Pending	\N	Applied	\N	\N
22	Online Form	\N	Allied Telesis	\N	\N	2025-10-06T00:00:00.000	05/31/2026	2025-10-06T00:00:00.000	\N	Full-Time	\N	Information Technology	\N	1094397	Company Website	Network Test Engineer	https://alliedtelesis.qjumpersjobs.co/jobs/details/Graduate_Network_Test_Engineer-1094397	Christchurch	\N	\N	\N	Pending	\N	Applied	\N	\N
23	Online Form	\N	Catalyst I.T	\N	\N	2025-10-06T00:00:00.000	12/31/2025	2025-10-06T00:00:00.000	\N	Full-Time	\N	Information Technology	\N	1085070	Company Website	Expressions of Interest	https://catalyst.qjumpersjobs.co/jobs/details/Expression_of_Interest_-_Catalyst-1085070	Wellington	\N	\N	\N	Pending	\N	Applied	\N	\N
24	Online Form	184	Computer Clinic	\N	\N	2025-10-07T00:00:00.000	\N	2025-10-07T00:00:00.000	\N	Full-Time	Don't have experience in office 365	Information Technology	\N	87624770	Seek	Senior IT Support Engineer	https://www.seek.co.nz/job/87624770?ref=search-standalone&type=standard&origin=showNewTab#sol=fd6e4090406b1a9ca76270f1fd0ddc6ec4df31f7	Christchurch	\N	\N	2025-10-08T00:00:00.000	Rejected	Good honest feedback from recruitment	Rejected	\N	\N
25	Online Form	669	Donaldson Residential Trust	\N	\N	2025-10-08T00:00:00.000	\N	2025-10-08T00:00:00.000	\N	Full-Time	\N	Aged & Disability Suppor	\N	87242794	Seek	Caregiver	https://www.seek.co.nz/job/87242794?ref=search-standalone&type=promoted&origin=showNewTab#sol=545b9e0215e1a46f2b67257630ba204bcda6cbf8	Christchurch	\N	\N	\N	Applied	\N	Applied	\N	\N
26	Online Form	\N	Goodman Field NZ Ltd	\N	\N	2025-10-08T00:00:00.000	\N	2025-10-08T00:00:00.000	\N	Full-Time	\N	Information Technology	\N	GF/1798	Seek	IT Support Technician	https://careers.goodmanfielder.com.au/jobtools/jncustomsearch.viewFullSingle?in_organid=17226&in_jnCounter=226367913&in_jobDate=All&in_searchbox=YESin_navigation1=&in_summary=S&in_site=Seek	Christchurch	\N	\N	2025-11-06T00:00:00.000	Rejected	Generic response not useful	Rejected	\N	\N
27	Online Form	294	MG Fresh Produce Group	bbartlett@mggroup.co.nz	Ben Bartlett	2025-10-09T00:00:00.000	2025-10-30T00:00:00.000	2025-10-09T00:00:00.000	\N	Full-Time	\N	Information Technology	Phone Screen - 9:30am 14/10/25	87470746	Seek	Service Desk Technician	https://www.seek.co.nz/job/87470746?ref=search-standalone&type=standard&origin=jobTitle#sol=98f706f0ee23c2fe9f307cae194e2fdbca15fe80	Christchurch	\N	\N	2025-10-14T00:00:00.000	Rejected	Initial phone call sounded promising but then ghosted. Final response generic not useful	Rejected	\N	\N
28	Online Form	218	Potentia	\N	\N	2025-10-09T00:00:00.000	2025-10-20T00:00:00.000	2025-10-09T00:00:00.000	\N	Full-Time	Experince doesn't align with client is looking for not really helpful	Information Technology	\N	19159	Seek	Service Desk Technician	https://www.seek.co.nz/job/87277593?ref=search-standalone&type=standard&origin=showNewTab#sol=ec7f4e2a8fcd478a1a8e224c42f26b39a936ff25	Christchurch	\N	\N	2025-10-10T00:00:00.000	Rejected	Generic response not useful	Rejected	\N	\N
29	Online Form	119	Datamars	\N	\N	2025-10-09T00:00:00.000	10/22/25	2025-10-09T00:00:00.000	\N	Full-Time	Application feedback:\nYour answers to the following questions did not match the employer's preferences:\n- How many years' experience do you have as a Product Support Role?\n- How many years' experience do you have as a Technical Support Role?\n- Which of the following Customer Relationship Management (CRM) systems do you have experience using?\n- What's your expected annual base salary?\n- How many years' experience do you have as a Helpdesk Agent?	Information Technology	\N	87715629	Seek	Technical Product Support	https://www.seek.co.nz/job/87715629?ref=search-standalone&type=standard&origin=showNewTab#sol=0f23f6a1736e0167c0d520378c36e2d27e66f53d	Christchurch	\N	\N	\N	Rejected	\N	Rejected	\N	\N
30	Online Form	\N	Recuirt I.T.	\N	\N	2025-10-09T00:00:00.000	\N	2025-10-09T00:00:00.000	\N	Temporary	\N	Information Technology	\N	\N	Company Website	Recruitment Agency	https://www.recruitit.co.nz/contact-us/christchurch	Christchurch	\N	\N	\N	Applied	Contacted though online form	Applied	\N	\N
31	Online Form	\N	Robert Walters	\N	\N	2025-10-09T00:00:00.000	\N	2025-10-09T00:00:00.000	\N	Temporary	\N	Information Technology	\N	\N	Company Website	Recruitment Agency	https://www.robertwalters.co.nz/	Christchurch	\N	\N	\N	Applied	Contacted though online form	Applied	\N	\N
32	Online Form	\N	Sourced	\N	\N	2025-10-09T00:00:00.000	\N	2025-10-09T00:00:00.000	\N	Temporary	\N	Information Technology	\N	\N	Company Website	Recruitment Agency	https://sourced.nz/	Christchurch	\N	\N	\N	Pending	Contacted though online form\n13/10/25:\n- Currently reviewing CV - IT	Pending	\N	\N
33	Online Form	\N	Crescent Consulting	\N	\N	2025-10-09T00:00:00.000	\N	2025-10-09T00:00:00.000	\N	Temporary	\N	Information Technology	\N	\N	Company Website	Recruitment Agency	https://www.crescent.co.nz/	Christchurch	\N	\N	\N	Pending	13/10/25:\nAsked to submit CV - IT	Pending	\N	\N
34	Online Form	158	Capital Preferences	\N	\N	2025-10-12T00:00:00.000	\N	2025-10-12T00:00:00.000	\N	Full-Time	\N	Information Technology	\N	87295208	Seek	Test Automation Intern	https://www.seek.co.nz/job/87295208?ref=saved	Christchurch	\N	\N	2025-11-06T00:00:00.000	Rejected	Generic response not useful	Rejected	\N	\N
35	Online Form	544	Agentic Intelligence	\N	\N	2025-10-12T00:00:00.000	\N	2025-10-12T00:00:00.000	\N	Full-Time	\N	Information Technology	\N	87377492	Seek	Developer 	https://www.seek.co.nz/job/87377492?ref=saved	Christchurch	\N	\N	\N	Applied	\N	Applied	\N	\N
36	Online Form	\N	Build People Ltd	\N	\N	2025-10-12T00:00:00.000	2025-09-11T00:00:00.000	2025-10-12T00:00:00.000	\N	Temporary	\N	Information Technology	\N	87765594	Seek	Expressions of Interest	https://www.seek.co.nz/job/87765594?ref=saved	Christchurch	\N	\N	\N	Applied	\N	Applied	\N	\N
37	Online Form	\N	Stratco	\N	\N	2025-10-12T00:00:00.000	11/18/25	2025-10-12T00:00:00.000	\N	Full-Time	\N	Information Technology	\N	87706056	Seek	Customer Service & Data Admin	https://www.seek.co.nz/job/87706056?ref=saved	Christchurch	\N	\N	11/18/25	Rejected	Generic response not useful	Rejected	\N	\N
38	Online Form	54	Connexionx	\N	\N	2025-10-12T00:00:00.000	2025-10-30T00:00:00.000	2025-10-12T00:00:00.000	\N	Full-Time	\N	Information Technology	\N	87590681	Seek	Linux Support Engineer	https://www.seek.co.nz/job/87590681?ref=saved	Christchurch	\N	\N	2025-10-30T00:00:00.000	Rejected	Generic response not useful	Rejected	\N	\N
39	Online Form	\N	XORecruitment	\N	\N	2025-10-12T00:00:00.000	\N	2025-10-12T00:00:00.000	\N	Temporary	\N	Information Technology	\N	\N	Company Website	Recruitment Agency	https://www.xorecruitment.co.nz/	Christchurch	\N	\N	\N	Rejected	13/10/25:\n- They currently don't do recruiment for graduates. Recommended summer of tech\n- Currently the intake for this year is over wait till 2026\n- They only help people graduated 12 months ago so not helpful.	Rejected	\N	\N
40	Online Form	66	Ricoh New Zealand Ltd	\N	\N	2025-10-13T00:00:00.000	2025-10-20T00:00:00.000	2025-10-13T00:00:00.000	\N	Full-Time	Thank you for your interest in the Customer Service Engineer job at Ricoh New Zealand Ltd. Unfortunately, \nit looks unlikely that your application will progress further. \nYou may or may not still hear back from the employer.	Information Technology	\N	87683667	Seek	Customer Service Engineer	https://www.seek.co.nz/job/87683667?ref=saved	Christchurch	\N	\N	2025-10-19T00:00:00.000	Rejected	\N	Rejected	\N	\N
41	Online Form	\N	Spark NZ	\N	\N	2025-10-13T00:00:00.000	\N	2025-10-13T00:00:00.000	\N	Full-Time	\N	Information Technology	\N	87675316	Seek	Service Desk Analyst	https://www.seek.co.nz/job/87675316?ref=applied	Christchurch	\N	\N	\N	Applied	Sent me to Spark site the site keeps crashing probably not a great place to work for\n\nI have no idea if my application went through	Applied	\N	\N
42	Online Form	164	Comrad	\N	\N	2025-10-13T00:00:00.000	\N	2025-10-13T00:00:00.000	\N	Full-Time	\N	Information Technology	\N	87706609	Seek	Application Support Specialist	https://www.seek.co.nz/job/87706609?ref=saved	Christchurch	\N	\N	\N	Applied	\N	Applied	\N	\N
43	Online Form	\N	Pacific Health Group	\N	\N	2025-10-20T00:00:00.000	2025-11-21T00:00:00.000	2025-10-20T00:00:00.000	\N	Full-Time	\N	Information Technology	\N	87805141	Seek	Business Services Support (L2)	https://www.seek.co.nz/job/87805141?ref=recom-homepage&pos=1&origin=showNewTab#sol=9c380e232fb50e01689205beec0807eecfc32f47	Christchurch	\N	\N	2025-11-21T00:00:00.000	Rejected	Generic response not useful	Rejected	\N	\N
44	Online Form	\N	University of Canterbury	\N	\N	2025-10-20T00:00:00.000	2025-10-28T00:00:00.000	2025-10-20T00:00:00.000	\N	Full-Time	\N	Information Technology	\N	87806052	Seek	IT Technician	https://www.seek.co.nz/job/87806052?ref=recom-homepage&pos=3&origin=showNewTab#sol=a1b5102802411fef2903c67a0fdef0be655a1c24	Christchurch	\N	\N	2025-11-04T00:00:00.000	Rejected	Generic response not useful	Rejected	\N	\N
45	Email	\N	Cross Country Rentals	P: 033578165\nM: 08004673782 (0800 GO SESTA)\nE: CindyB@crosscountryrentals.co.nz\nW: www.crosscountryrentals.co.nz\nA: 174 Orchard Road, Christchurch Airport, Christchurch 8053	Cindy Bourke	2025-10-23T00:00:00.000	\N	2025-10-23T00:00:00.000	\N	Part-Time	\N	Transport / Logistics	\N	\N	Referral	Van Driver	https://www.crosscountryrentals.co.nz/sesta	Christchurch	\N	\N	\N	Applied	\N	Applied	\N	\N
46	Online Form	\N	Talent Hive	\N	\N	2025-10-24T00:00:00.000	\N	2025-10-24T00:00:00.000	\N	Full-Time	\N	Information Technology	\N	\N	Company Website	Recruitment Agency	https://www.talenthive.nz/our-services	Christchurch	\N	\N	\N	Applied	\N	Applied	\N	\N
47	Online Form	\N	Anthony Harper	\N	\N	2025-10-24T00:00:00.000	\N	2025-10-24T00:00:00.000	\N	Full-Time	\N	Information Technology	\N	88023689	Seek	IT Support	https://www.seek.co.nz/job/88023689?ref=recom-homepage&pos=3&origin=showNewTab#sol=12ca9ad715f0354ded0212ce3c2eb441e3bca84d	Christchurch	\N	\N	\N	Applied	\N	Applied	\N	\N
48	Recruiter	\N	Cross Country Rentals	CindyB@crosscountryrentals.co.nz	Cindy Bourke	2025-10-23T00:00:00.000	2025-11-13T00:00:00.000	2025-10-21T00:00:00.000	\N	Part-Time	\N	Transport / Logistics	\N	\N	Referral	Van Driver	\N	Christchurch	\N	\N	2025-11-13T00:00:00.000	Rejected	Generic response not useful	Rejected	\N	\N
49	Online Form	222	Mediterranean Shipping Company	\N	\N	2025-10-27T00:00:00.000	2025-10-30T00:00:00.000	2025-10-27T00:00:00.000	\N	Full-Time	\N	Transport / Logistics	\N	88058007	Seek	Customer Service - Logistics	https://www.seek.co.nz/job/88058007?ref=saved	Christchurch	\N	\N	2025-10-30T00:00:00.000	Rejected	Generic response not useful	Rejected	\N	\N
50	Online Form	\N	Treshna Enterprises Ltd	\N	\N	2025-10-27T00:00:00.000	2025-07-11T00:00:00.000	2025-10-27T00:00:00.000	\N	Full-Time	\N	Electronics	\N	87954898	Seek	Electronics Technician	https://www.seek.co.nz/job/87954898?ref=saved	Christchurch	\N	\N	\N	Applied	\N	Applied	\N	\N
51	Online Form	\N	Holmes Solutions	\N	\N	2025-10-30T00:00:00.000	\N	2025-10-28T00:00:00.000	\N	Full-Time	\N	Information Technology	\N	87543525	Seek	Cloud Engineer	https://www.seek.co.nz/job/87543525?ref=saved	Christchurch	\N	\N	2025-11-06T00:00:00.000	Rejected	Generic response not useful	Rejected	\N	\N
52	Online Form	173	Jade Software Corporation Ltd	\N	\N	2025-11-09T00:00:00.000	2025-11-12T00:00:00.000	2025-11-09T00:00:00.000	\N	Full-Time	\N	Information Technology	\N	88314529	Seek	System Administrator	https://www.seek.co.nz/job/88314529?ref=recom-homepage&pos=1&origin=showNewTab#sol=511fe1dab7b902e7d2679dc5a0d4b68d2e265edd	Christchurch	\N	Changed from Seek application to company application	\N	Rejected	\N	Rejected	\N	\N
53	Online Form	183	PMO People	\N	\N	2025-11-09T00:00:00.000	2025-11-13T00:00:00.000	2025-11-09T00:00:00.000	\N	Full-Time	\N	Information Technology	\N	88313499	Seek	Technical Business Analyst	https://www.seek.co.nz/job/88313499?ref=applied	Christchurch	\N	\N	2025-11-10T00:00:00.000	Rejected	Generic response not useful	Rejected	\N	\N
54	Online Form	302	Travellers AutoBarn	\N	\N	2025-11-09T00:00:00.000	2025-11-14T00:00:00.000	2025-11-09T00:00:00.000	\N	Full-Time	\N	Tourism	\N	88080212	Seek	All Rounder	https://www.seek.co.nz/job/88080212?ref=search-standalone&type=promoted&origin=showNewTab#sol=773d6522ebca61644c2f10f3e5daa9a31307aa9a	Christchurch	\N	\N	\N	Rejected	\N	Rejected	\N	\N
55	Company Portal	\N	CCC	\N	\N	2025-11-16T00:00:00.000	\N	2025-11-16T00:00:00.000	\N	Full-Time	\N	Landscaping	\N	88502991	Seek	Parks and Garden Maintenance Officer	https://www.seek.co.nz/job/88502991?ref=search-standalone&type=standard&origin=showNewTab#sol=1ca3e4cdee80b951420079bea100214d151fed98	Christchurch	\N	\N	\N	Applied	\N	Applied	\N	\N
56	Online Form	\N	Rightmove Recruitment NZ Ltd	\N	\N	2025-11-16T00:00:00.000	\N	2025-11-16T00:00:00.000	\N	Full-Time	Currently looking at joinery role or potential costing design role - 27/11/25	Building / Construction	Interveiw with RMR 26/11/25 10:30am	88370132	Seek	Handyman	https://www.seek.co.nz/job/88370132?ref=search-standalone&type=standard&origin=showNewTab#sol=5ce4ecae5a86e87f80f70979fa8d9136d64d663c	Christchurch	\N	\N	2025-11-20T00:00:00.000	Pending	\N	Pending	\N	\N
57	Online Form	\N	TradeConnex	\N	\N	2025-11-17T00:00:00.000	\N	2025-11-17T00:00:00.000	\N	Contract	\N	Building / Construction	\N	88466428	Seek	Labourer	https://www.seek.co.nz/job/88466428?ref=recom-homepage&pos=10&origin=showNewTab#sol=59f8e655a25af4ef6ce917d174c5ec89c40780d1	Christchurch	\N	\N	\N	Applied	\N	Applied	\N	\N
58	Online Form	\N	Contrast	\N	\N	2025-11-17T00:00:00.000	\N	2025-11-17T00:00:00.000	\N	Full-Time	\N	Information Technology	\N	88345391	Seek	Technical Support Specialist	https://www.seek.co.nz/job/88345391?ref=search-standalone&type=promoted&origin=showNewTab#sol=db358575b26ff47f1301ae00bfc36970f6178e54	Christchurch	\N	\N	\N	Applied	\N	Applied	\N	\N
59	Online Form	\N	Potentia	\N	\N	2025-12-01T00:00:00.000	\N	2025-12-01T00:00:00.000	\N	Full-Time	\N	Information Technology	\N	88560947	Seek	Service Desk Technician	https://www.seek.co.nz/job/88560947?ref=recom-homepage&pos=18&origin=showNewTab#sol=76637550f6e99fea02ad4a99070c6e4fe93fe0cd	Christchurch	\N	\N	\N	Applied	\N	Applied	\N	\N
60	Online Form	\N	Reliance Recruitment	\N	\N	2025-12-02T00:00:00.000	\N	2025-12-02T00:00:00.000	\N	Full-Time	\N	Electronics	\N	88740005	Seek	Electronics Assembler	https://www.seek.co.nz/job/88740005?ref=recom-homepage&pos=2&origin=showNewTab#sol=a02ab689be78cdfb4a61704bfe1203bd09faea8a	Christchurch	\N	\N	\N	Applied	\N	Applied	\N	\N
\.


--
-- Data for Name: job_register__documents_sent_list; Type: TABLE DATA; Schema: public; Owner: appuser
--

COPY public.job_register__documents_sent_list (parent_id, item_index, item_value, job_register_id) FROM stdin;
1	0	CV - IT	\N
1	1	Cover Letter	\N
2	0	CV - IT	\N
2	1	Cover Letter	\N
3	0	CV - IT	\N
3	1	Cover Letter	\N
4	0	CV - IT	\N
4	1	Cover Letter	\N
5	0	CV - IT	\N
5	1	Cover Letter	\N
6	0	CV - IT	\N
6	1	Cover Letter	\N
7	0	CV - IT	\N
7	1	Cover Letter	\N
8	0	CV - IT	\N
8	1	Cover Letter	\N
9	0	CV - IT	\N
9	1	Cover Letter	\N
10	0	CV - IT	\N
10	1	Cover Letter	\N
11	0	CV - IT	\N
11	1	Cover Letter	\N
12	0	CV - IT	\N
12	1	Cover Letter	\N
13	0	CV - IT	\N
13	1	Cover Letter	\N
14	0	CV - IT	\N
14	1	Cover Letter	\N
15	0	CV - IT	\N
15	1	Cover Letter	\N
16	0	CV - IT	\N
16	1	Cover Letter	\N
17	0	CV - IT	\N
17	1	Cover Letter	\N
18	0	CV - IT	\N
18	1	Cover Letter	\N
19	0	CV - IT	\N
19	1	Cover Letter	\N
20	0	CV - IT	\N
20	1	Cover Letter	\N
21	0	CV - IT	\N
21	1	Cover Letter	\N
22	0	CV - IT	\N
22	1	Cover Letter	\N
23	0	CV - IT	\N
23	1	Cover Letter	\N
24	0	CV - IT	\N
24	1	Cover Letter	\N
25	0	CV - IT	\N
25	1	Cover Letter	\N
25	2	Portfolio	\N
25	3	LinkedIn	\N
26	0	CV - IT	\N
26	1	Cover Letter	\N
26	2	Portfolio	\N
26	3	LinkedIn	\N
27	0	CV - IT	\N
27	1	Cover Letter	\N
27	2	Portfolio	\N
27	3	LinkedIn	\N
28	0	CV - IT	\N
28	1	Cover Letter	\N
28	2	Portfolio	\N
28	3	LinkedIn	\N
29	0	CV - IT	\N
29	1	Cover Letter	\N
29	2	Portfolio	\N
29	3	LinkedIn	\N
31	0	CV - IT	\N
31	1	Portfolio	\N
31	2	LinkedIn	\N
32	0	CV - IT	\N
32	1	Portfolio	\N
32	2	LinkedIn	\N
33	0	CV - IT	\N
33	1	Cover Letter	\N
34	0	CV - IT	\N
34	1	Cover Letter	\N
34	2	Portfolio	\N
34	3	LinkedIn	\N
35	0	CV - IT	\N
35	1	Cover Letter	\N
35	2	Portfolio	\N
35	3	LinkedIn	\N
36	0	CV - IT	\N
36	1	Cover Letter	\N
36	2	Portfolio	\N
36	3	LinkedIn	\N
37	0	CV - IT	\N
37	1	Portfolio	\N
37	2	LinkedIn	\N
38	0	CV - IT	\N
38	1	Cover Letter	\N
38	2	Portfolio	\N
38	3	LinkedIn	\N
39	0	CV - IT	\N
39	1	Cover Letter	\N
39	2	Portfolio	\N
39	3	LinkedIn	\N
40	0	CV - IT	\N
40	1	Cover Letter	\N
40	2	Portfolio	\N
40	3	LinkedIn	\N
41	0	CV - IT	\N
41	1	Cover Letter	\N
41	2	Portfolio	\N
41	3	LinkedIn	\N
42	0	CV - IT	\N
42	1	Cover Letter	\N
42	2	Portfolio	\N
42	3	LinkedIn	\N
43	0	CV - IT	\N
43	1	Cover Letter	\N
43	2	Portfolio	\N
43	3	LinkedIn	\N
44	0	CV - IT	\N
44	1	Cover Letter	\N
44	2	Portfolio	\N
44	3	LinkedIn	\N
45	0	CV - IT	\N
46	0	CV - IT	\N
46	1	Cover Letter	\N
46	2	Portfolio	\N
46	3	LinkedIn	\N
47	0	CV - IT	\N
47	1	Cover Letter	\N
47	2	Portfolio	\N
47	3	LinkedIn	\N
48	0	CV - IT	\N
48	1	Cover Letter	\N
48	2	Portfolio	\N
48	3	LinkedIn	\N
48	4	References	\N
49	0	CV - IT	\N
49	1	Cover Letter	\N
49	2	Portfolio	\N
49	3	LinkedIn	\N
50	0	CV - IT	\N
50	1	Cover Letter	\N
50	2	Portfolio	\N
50	3	LinkedIn	\N
51	0	CV - IT	\N
51	1	Cover Letter	\N
51	2	Portfolio	\N
51	3	LinkedIn	\N
52	0	CV - IT	\N
52	1	Cover Letter	\N
52	2	Portfolio	\N
52	3	LinkedIn	\N
53	0	CV - IT	\N
53	1	Cover Letter	\N
53	2	Portfolio	\N
54	0	CV - IT	\N
54	1	Cover Letter	\N
54	2	Portfolio	\N
54	3	LinkedIn	\N
55	0	CV - Labour	\N
55	1	Cover Letter	\N
56	0	CV - Labour	\N
56	1	Cover Letter	\N
57	0	CV - Labour	\N
57	1	Cover Letter	\N
58	0	CV - IT	\N
58	1	Cover Letter	\N
58	2	Portfolio	\N
58	3	LinkedIn	\N
59	0	CV - IT	\N
59	1	Cover Letter	\N
59	2	Portfolio	\N
59	3	LinkedIn	\N
60	0	CV - IT	\N
60	1	Cover Letter	\N
60	2	Portfolio	\N
60	3	LinkedIn	\N
\.


--
-- Data for Name: job_register__missing_skills_list; Type: TABLE DATA; Schema: public; Owner: appuser
--

COPY public.job_register__missing_skills_list (parent_id, item_index, item_value) FROM stdin;
24	0	Microsoft Office 365
24	1	Onsite Networking
29	0	Customer Service Experience
29	1	Product Support
29	2	Technical Support
29	3	Customer Relationship Management (CRM)
29	4	Helpdesk Agent
40	0	Customer Service Experience
\.


--
-- Data for Name: tesfsfsfs; Type: TABLE DATA; Schema: public; Owner: appuser
--

COPY public.tesfsfsfs (id) FROM stdin;
\.


--
-- Name: job_register_id_seq; Type: SEQUENCE SET; Schema: public; Owner: appuser
--

SELECT pg_catalog.setval('public.job_register_id_seq', 1, false);


--
-- Name: tesfsfsfs_id_seq; Type: SEQUENCE SET; Schema: public; Owner: appuser
--

SELECT pg_catalog.setval('public.tesfsfsfs_id_seq', 1, false);


--
-- Name: job_register__documents_sent_list job_register__documents_sent_list_pkey; Type: CONSTRAINT; Schema: public; Owner: appuser
--

ALTER TABLE ONLY public.job_register__documents_sent_list
    ADD CONSTRAINT job_register__documents_sent_list_pkey PRIMARY KEY (parent_id, item_index);


--
-- Name: job_register__missing_skills_list job_register__missing_skills_list_pkey; Type: CONSTRAINT; Schema: public; Owner: appuser
--

ALTER TABLE ONLY public.job_register__missing_skills_list
    ADD CONSTRAINT job_register__missing_skills_list_pkey PRIMARY KEY (parent_id, item_index);


--
-- Name: job_register job_register_pkey; Type: CONSTRAINT; Schema: public; Owner: appuser
--

ALTER TABLE ONLY public.job_register
    ADD CONSTRAINT job_register_pkey PRIMARY KEY (id);


--
-- Name: tesfsfsfs tesfsfsfs_pkey; Type: CONSTRAINT; Schema: public; Owner: appuser
--

ALTER TABLE ONLY public.tesfsfsfs
    ADD CONSTRAINT tesfsfsfs_pkey PRIMARY KEY (id);


--
-- Name: job_register__documents_sent_list_job_register_id_idx; Type: INDEX; Schema: public; Owner: appuser
--

CREATE INDEX job_register__documents_sent_list_job_register_id_idx ON public.job_register__documents_sent_list USING btree (job_register_id);


--
-- Name: job_register__documents_sent_list fk_job_register__documents_sent_list_job_register_id_job_regist; Type: FK CONSTRAINT; Schema: public; Owner: appuser
--

ALTER TABLE ONLY public.job_register__documents_sent_list
    ADD CONSTRAINT fk_job_register__documents_sent_list_job_register_id_job_regist FOREIGN KEY (job_register_id) REFERENCES public.job_register(id) ON UPDATE RESTRICT ON DELETE RESTRICT;


--
-- Name: job_register__documents_sent_list job_register__documents_sent_list_parent_id_fkey; Type: FK CONSTRAINT; Schema: public; Owner: appuser
--

ALTER TABLE ONLY public.job_register__documents_sent_list
    ADD CONSTRAINT job_register__documents_sent_list_parent_id_fkey FOREIGN KEY (parent_id) REFERENCES public.job_register(id) ON DELETE CASCADE;


--
-- Name: job_register__missing_skills_list job_register__missing_skills_list_parent_id_fkey; Type: FK CONSTRAINT; Schema: public; Owner: appuser
--

ALTER TABLE ONLY public.job_register__missing_skills_list
    ADD CONSTRAINT job_register__missing_skills_list_parent_id_fkey FOREIGN KEY (parent_id) REFERENCES public.job_register(id) ON DELETE CASCADE;


--
-- PostgreSQL database dump complete
--

\unrestrict v3MiPE0wecDJGKDchIaWe2zY4NcmuD1AS7rWbSygdGvmXY3vLiXS2atiBMGiBDN

