{
  "meta": {
    "main_label": "MainScript",
    "second_label": "Modules",
    "third_label": "ConfigFiles",
    "main_title": "Main Script",
    "second_title": "PowerShell Modules",
    "third_title": "Configuration Files",
    "key_main": "MainScript",
    "key_second": "Modules",
    "key_third": "ConfigFiles",
    "key_links": "links",
    "key_styles": "styles",
    "key_classes": "classes",
    "key_class_map": "class_map"
  },
  "MainScript": {
    "MainPS1": "main.ps1"
  },
  "Modules": {
    "BackupConfig": "BackupConfig.psm1",
    "BackupCore": "BackupCore.psm1",
    "BackupUI": "BackupUI.psm1",
    "FileSystemUI": "FileSystemUI.psm1"
  },
  "ConfigFiles": {
    "MainConfig": "mainConfig.json",
    "CloudProviders": "cloudProviders.json",
    "BackupSettings": "backupSettings.json"
  },
  "links": [
    ["MainPS1", "BackupConfig"],
    ["MainPS1", "BackupCore"],
    ["MainPS1", "BackupUI"],
    ["MainPS1", "FileSystemUI"],
    ["BackupConfig", "MainConfig"],
    ["BackupCore", "CloudProviders"],
    ["BackupUI", "BackupSettings"],
    ["FileSystemUI", "BackupSettings"]
  ],
  "class_map": {
    "MainPS1": "primary",

    "BackupConfig": "secondary",
    "BackupCore": "secondary",
    "BackupUI": "secondary",
    "FileSystemUI": "secondary",

    "MainConfig": "tertiary",
    "CloudProviders": "tertiary",
    "BackupSettings": "tertiary"
  }
}
