{
  "meta": {
    "main_label": "Main + Selector",
    "second_label": "Device Models",
    "third_label": "Config Files",
    "main_title": "Main Script & Model Selector",
    "second_title": "Device Models",
    "third_title": "Configuration Files",
    "key_main": "MainAndSelector",
    "key_second": "DeviceModels",
    "key_third": "ConfigFiles",
    "key_links": "links",
    "key_styles": "styles",
    "key_classes": "classes",
    "key_class_map": "class_map"
  },
  "MainAndSelector": {
    "MainScripts": "Main Scripts",
    "AppConfig": "AppConfig"
  },
  "DeviceModels": {
    "Desktop": "Desktop",
    "MediaCentre": "MediaCentre",
    "Laptop": "Laptop"
  },
  "ConfigFiles": {
    "DesktopJSON": "Desktop.json",
    "MediaCentreJSON": "MediaCentre.json",
    "LaptopJSON": "Laptop.json"
  },
  "links": [
    ["MainScripts", "AppConfig"],
    ["AppConfig", "Desktop"],
    ["AppConfig", "MediaCentre"],
    ["AppConfig", "Laptop"],
    ["Desktop", "DesktopJSON"],
    ["MediaCentre", "MediaCentreJSON"],
    ["Laptop", "LaptopJSON"]
  ],
  "class_map": {
    "MainScripts": "primary",
    "AppConfig": "primary",
    "Desktop": "secondary",
    "MediaCentre": "secondary",
    "Laptop": "secondary",
    "DesktopJSON": "tertiary",
    "MediaCentreJSON": "tertiary",
    "LaptopJSON": "tertiary"
  }
}
