{
  "meta": {
    "main_label": "HTMLPages",
    "second_label": "JavaScript",
    "third_label": "JSONData",
    "main_title": "HTML Pages",
    "second_title": "JavaScript",
    "third_title": "JSON Data",
    "key_main": "HTMLPages",
    "key_second": "JavaScript",
    "key_third": "JSONData",
    "key_links": "links",
    "key_styles": "styles",
    "key_classes": "classes",
    "key_class_map": "class_map"
  },
  "HTMLPages": {
    "Index": "Index.html",
    "Module": "module.html"
  },
  "JavaScript": {
    "Controller": "Controller.js",
    "Question": "Question.js",
    "Quiz": "Quiz.js",
    "InitModuleList": "initModuleList.js",
    "InitQuizPage": "initQuizPage.js",
    "InitResultsPage": "initResultsPage.js"
  },
  "JSONData": {
    "QuizDataJSON": "QuizData-JSON.js"
  },
  "links": [
    ["Index", "Module"],
    ["Module", "Controller"],
    ["Module", "Question"],
    ["Module", "Quiz"],
    ["Module", "InitModuleList"],
    ["Module", "InitQuizPage"],
    ["Module", "InitResultsPage"],
    ["Controller", "QuizDataJSON"],
    ["Question", "QuizDataJSON"],
    ["Quiz", "QuizDataJSON"],
    ["InitModuleList", "QuizDataJSON"],
    ["InitQuizPage", "QuizDataJSON"],
    ["InitResultsPage", "QuizDataJSON"]
  ],
  "class_map": {
    "Index": "primary",
    "Module": "primary",

    "Controller": "secondary",
    "Question": "secondary",
    "Quiz": "secondary",
    "InitModuleList": "secondary",
    "InitQuizPage": "secondary",
    "InitResultsPage": "secondary",

    "QuizDataJSON": "tertiary"
  }
}
