{
  "meta": {
    "main_label": "HTMLPages",
    "second_label": "JavaScript",
    "third_label": "JSONData",
    "main_title": "HTML Pages",
    "second_title": "JavaScript",
    "third_title": "JSON Data",
    "key_main": "HTMLPages",
    "key_second": "JavaScript",
    "key_third": "JSONData",
    "key_links": "links",
    "key_styles": "styles",
    "key_classes": "classes",
    "key_class_map": "class_map"
  },
  "HTMLPages": {
    "Index": "Index.html"
  },
  "JavaScript": {
    "initSearchTool": "initSearchTool.js",
    "SearchTool": "SearchTool.js"
  },
  "JSONData": {
    "toolJSON": "toolJSON.js"
  },
  "links": [
    ["Index", "initSearchTool"],
    ["Index", "SearchTool"],
    ["initSearchTool", "toolJSON"],
    ["SearchTool", "toolJSON"]
  ],
  "class_map": {
    "Index": "primary",
    "initSearchTool": "secondary",
    "SearchTool": "secondary",
    "toolJSON": "tertiary"
  }
}
