{
  "meta": {
    "main_label": "HTMLPages",
    "second_label": "JavaScript",
    "third_label": "JSONData",
    "main_title": "HTML Pages",
    "second_title": "JavaScript",
    "third_title": "JSON Data",
    "key_main": "HTMLPages",
    "key_second": "JavaScript",
    "key_third": "JSONData",
    "key_links": "links",
    "key_styles": "styles",
    "key_classes": "classes",
    "key_class_map": "class_map"
  },
  "HTMLPages": {
    "Projects": "projects.html"
  },
  "JavaScript": {
    "ProjectList": "projectListLoader.js",
    "GithubApp": "githubAppLoader.js",
    "SketchfabEmbed": "embedSketchfab.js",
    "ProjectSteps": "projectStepsData.js",
    "ProjectLinks": "projectLinksLoader.js",
    "Carousel": "carousel.js",
    "ModalZoom": "modalZoom.js",
    "Init": "init.js"
  },
  "JSONData": {
    "ProjectListData": "projectListData.js",
    "GithubApps": "githubApps.js",
    "SketchfabModels": "sketchfabModels.js",
    "ProjectStepsData": "projectSteps.js",
    "ProjectLinksData": "projectLinks.js",
    "CarouselData": "carouselData.js"
  },
  "links": [
    ["Projects", "ProjectList"],
    ["Projects", "GithubApp"],
    ["Projects", "SketchfabEmbed"],
    ["Projects", "ProjectSteps"],
    ["Projects", "ProjectLinks"],
    ["Projects", "Carousel"],
    ["Projects", "ModalZoom"],
    ["Projects", "Init"],
    ["ProjectList", "ProjectListData"],
    ["GithubApp", "GithubApps"],
    ["SketchfabEmbed", "SketchfabModels"],
    ["ProjectSteps", "ProjectStepsData"],
    ["ProjectLinks", "ProjectLinksData"],
    ["Carousel", "CarouselData"]
  ],
  "class_map": {
    "Projects": "primary",

    "ProjectList": "secondary",
    "GithubApp": "secondary",
    "SketchfabEmbed": "secondary",
    "ProjectSteps": "secondary",
    "ProjectLinks": "secondary",
    "Carousel": "secondary",
    "ModalZoom": "secondary",
    "Init": "secondary",

    "ProjectListData": "tertiary",
    "GithubApps": "tertiary",
    "SketchfabModels": "tertiary",
    "ProjectStepsData": "tertiary",
    "ProjectLinksData": "tertiary",
    "CarouselData": "tertiary"
  }
}
