{
  "meta": {
    "main_label": "HTMLPages",
    "second_label": "JavaScript",
    "third_label": "JSONData",
    "main_title": "HTML Pages",
    "second_title": "JavaScript",
    "third_title": "JSON Data",
    "key_main": "HTMLPages",
    "key_second": "JavaScript",
    "key_third": "JSONData",
    "key_links": "links",
    "key_styles": "styles",
    "key_classes": "classes",
    "key_class_map": "class_map"
  },
  "HTMLPages": {
    "Home": "index.html",
    "Resume": "resume.html"
  },
  "JavaScript": {
    "MenuToggle": "menuToggle.js",
    "MainText": "mainTextLoader.js",
    "FooterIcons": "footerIconLoader.js",
    "ResponsiveImages": "responsiveImageLoader.js",
    "ResumeLoader": "resumeLoader.js",
    "SkillsLoader": "skillsLoader.js"
  },
  "JSONData": {
    "MainTextData": "mainTextData.js",
    "IconRegistry": "iconRegistry.js",
    "ResumeData": "resumeData.js",
    "SkillsData": "skillsData.js"
  },
  "links": [
    ["Home", "MenuToggle"],
    ["Home", "MainText"],
    ["Home", "FooterIcons"],
    ["Home", "ResponsiveImages"],
    ["Resume", "ResumeLoader"],
    ["Resume", "SkillsLoader"],
    ["MainText", "MainTextData"],
    ["FooterIcons", "IconRegistry"],
    ["ResumeLoader", "ResumeData"],
    ["SkillsLoader", "SkillsData"]
  ],
  "class_map": {
    "Home": "primary",
    "Resume": "primary",

    "MenuToggle": "secondary",
    "MainText": "secondary",
    "FooterIcons": "secondary",
    "ResponsiveImages": "secondary",
    "ResumeLoader": "secondary",
    "SkillsLoader": "secondary",

    "MainTextData": "tertiary",
    "IconRegistry": "tertiary",
    "ResumeData": "tertiary",
    "SkillsData": "tertiary"
  }
}
