{
  "meta": {
    "main_label": "HTMLPages",
    "second_label": "JavaScript",
    "third_label": "JSONData",
    "main_title": "HTML Pages",
    "second_title": "JavaScript",
    "third_title": "JSON Data",
    "key_main": "HTMLPages",
    "key_second": "JavaScript",
    "key_third": "JSONData",
    "key_links": "links",
    "key_styles": "styles",
    "key_classes": "classes",
    "key_class_map": "class_map"
  },
  "HTMLPages": {
    "Index": "Index.html",
    "ModelBuilder": "Model-Builder.html",
    "Groupings": "Groupings.html",
    "SubGroupAnalysis": "Sub-Group-Analysis.html",
    "GroupAnalysis": "Group-Analysis.html",
    "FactorAnalysis": "Factor-Analysis.html"
  },
  "JavaScript": {
    "intThematicAnalysis": "intThematicAnalysis.js",
    "intGroupings": "intGroupings.js",
    "intSubGroupAnalysis": "intSubGroupAnalysis.js",
    "intGroupAnalysis": "intGroupAnalysis.js",
    "intFactorAnalysis": "intFactorAnalysis.js",
    "intModelBuilder": "intModelBuilder.js",
    "RiskMatrix": "RiskMatrix.js"
  },
  "JSONData": {
    "thematic_analysisJSON": "thematic_analysisJSON.js",
    "risk_matrixJSON": "risk_matrixJSON.js"
  },
  "links": [
    ["Index", "intThematicAnalysis"],
    ["intThematicAnalysis", "thematic_analysisJSON"],
    ["Groupings", "intGroupings"],
    ["intGroupings", "thematic_analysisJSON"],
    ["SubGroupAnalysis", "intSubGroupAnalysis"],
    ["intSubGroupAnalysis", "thematic_analysisJSON"],
    ["GroupAnalysis", "intGroupAnalysis"],
    ["intGroupAnalysis", "thematic_analysisJSON"],
    ["FactorAnalysis", "intFactorAnalysis"],
    ["intFactorAnalysis", "thematic_analysisJSON"],
    ["ModelBuilder", "intModelBuilder"],
    ["intModelBuilder", "thematic_analysisJSON"],
    ["RiskMatrix", "risk_matrixJSON"]
  ],
  "class_map": {
    "Index": "primary",
    "ModelBuilder": "primary",
    "Groupings": "primary",
    "SubGroupAnalysis": "primary",
    "GroupAnalysis": "primary",
    "FactorAnalysis": "primary",

    "intThematicAnalysis": "secondary",
    "intGroupings": "secondary",
    "intSubGroupAnalysis": "secondary",
    "intGroupAnalysis": "secondary",
    "intFactorAnalysis": "secondary",
    "intModelBuilder": "secondary",
    "RiskMatrix": "secondary",

    "thematic_analysisJSON": "tertiary",
    "risk_matrixJSON": "tertiary"
  }
}
