{
  "FIXED_FIELDS": [
    "<MODEL_ID>.Docker",
    "<MODEL_ID>.Docker.<VALUES>.Name",
    "<MODEL_ID>.Docker.<VALUES>.Location",
    "<MODEL_ID>.Docker.<VALUES>.Image",
    "<MODEL_ID>.Docker.<VALUES>.Port",
    "<MODEL_ID>.Docker.<VALUES>.Download",
    "<MODEL_ID>.Docker.<VALUES>.TmpDir",
    "<MODEL_ID>.Docker.<VALUES>.ComposeFile",
    "<MODEL_ID>.Docker.<VALUES>.ComposeDir",
    "<MODEL_ID>.Docker.<VALUES>.ComposeContainers",
    "<MODEL_ID>.Docker.<VALUES>.Tests",
    "<MODEL_ID>.Docker.<VALUES>.Tests.<VALUES>.label",
    "<MODEL_ID>.Docker.<VALUES>.Tests.<VALUES>.path"
  ],
  "EDITABLE_FIELDS": [
    "<MODEL_ID>",
    "<MODEL_ID>.Docker.<VALUES>",
    "<MODEL_ID>.Docker.<VALUES>.Name.<VALUES>",
    "<MODEL_ID>.Docker.<VALUES>.Location.<VALUES>",
    "<MODEL_ID>.Docker.<VALUES>.Image.<VALUES>",
    "<MODEL_ID>.Docker.<VALUES>.Port.<VALUES>",
    "<MODEL_ID>.Docker.<VALUES>.Download.<VALUES>",
    "<MODEL_ID>.Docker.<VALUES>.TmpDir.<VALUES>",
    "<MODEL_ID>.Docker.<VALUES>.ComposeFile.<VALUES>",
    "<MODEL_ID>.Docker.<VALUES>.ComposeDir.<VALUES>",
    "<MODEL_ID>.Docker.<VALUES>.ComposeContainers.<VALUES>",
    "<MODEL_ID>.Docker.<VALUES>.Tests.<VALUES>",
    "<MODEL_ID>.Docker.<VALUES>.Tests.<VALUES>.label.<VALUES>",
    "<MODEL_ID>.Docker.<VALUES>.Tests.<VALUES>.path.<VALUES>"
  ],
  "EXAMPLE": {
    "<MODEL_ID>": {
      "Docker": {
        "webrcade": {
          "Name": "webrcade",
          "Location": "~/projects/webArcade/webrcade-master/",
          "Image": "webrcade/webrcade",
          "Port": "8080:80",
          "Download": "https://codeload.github.com/webrcade/webrcade/zip/refs/heads/master",
          "TmpDir": "/tmp/docker_downloads",
          "Tests": [
            {
              "label": "http-healthcheck",
              "path": "~/Documents/GitHub/DebianScripts/tests/common/healthcheck.py"
            }
          ]
        },
        "paperless-compose": {
          "Name": "paperless-compose",
          "Location": "~/docker/paperless",
          "ComposeFile": "~/docker/paperless/docker-compose.yml",
          "ComposeDir": "~/docker/paperless",
          "ComposeContainers": [
            "paperless-webserver",
            "paperless-db",
            "paperless-broker"
          ],
          "Tests": [
            {
              "label": "http-healthcheck",
              "path": "~/Documents/GitHub/DebianScripts/tests/common/healthcheck.py"
            }
          ]
        }
      }
    }
  },
  "DESCRIPTION": {
    "<MODEL_ID>.Docker.<VALUES>": "A Docker workload definition (single container or docker compose).",
    "<MODEL_ID>.Docker.<VALUES>.Name.<VALUES>": "Logical name for the workload (container name, or compose project label).",
    "<MODEL_ID>.Docker.<VALUES>.Location.<VALUES>": "Local directory used for build/download context or as a working directory anchor for related operations. Required for all jobs (can point at the compose project directory for compose jobs).",
    "<MODEL_ID>.Docker.<VALUES>.Image.<VALUES>": "Docker image name to pull/run for single-container jobs (docker run). Not required for compose jobs (compose.yml owns images/build).",
    "<MODEL_ID>.Docker.<VALUES>.Port.<VALUES>": "Port mapping in HOST:CONTAINER format for single-container jobs (docker run). Not required for compose jobs.",
    "<MODEL_ID>.Docker.<VALUES>.Download.<VALUES>": "Optional URL to download Docker build assets (zip) for single-container jobs. If omitted, the Download action performs a no-op for that job.",
    "<MODEL_ID>.Docker.<VALUES>.TmpDir.<VALUES>": "Temporary directory used for Docker downloads. Only needed when Download is provided.",
    "<MODEL_ID>.Docker.<VALUES>.ComposeFile.<VALUES>": "Path to a docker-compose.yml (or any compose file). If provided, this job uses docker compose up/down/build.",
    "<MODEL_ID>.Docker.<VALUES>.ComposeDir.<VALUES>": "Optional working directory for compose commands. If omitted, the directory containing ComposeFile is used.",
    "<MODEL_ID>.Docker.<VALUES>.ComposeContainers.<VALUES>": "List of container names that belong to the compose workload. Used for status checks (all must be running).",
    "<MODEL_ID>.Docker.<VALUES>.Tests.<VALUES>": "Optional list of smoke tests to run for this workload. Each test entry has a label and a path to an executable script (or a directory to run with pytest).",
    "<MODEL_ID>.Docker.<VALUES>.Tests.<VALUES>.label.<VALUES>": "Human-readable name for the test shown in output logs.",
    "<MODEL_ID>.Docker.<VALUES>.Tests.<VALUES>.path.<VALUES>": "Filesystem path to the test script (must be executable) or a directory (runs `pytest .` in that directory)."
  }
}
