{
    "Dropbox":  {
                    "Append":  false,
                    "Mirror":  false,
                    "Source":  "",
                    "Name":  "",
                    "Freq":  "Daily",
                    "Zip":  true,
                    "Keep":  1,
                    "Dest":  ""
                },
    "Mega":  {
                 "Append":  false,
                 "Mirror":  true,
                 "Source":  "",
                 "Name":  "",
                 "Freq":  null,
                 "Zip":  false,
                 "Keep":  2,
                 "Dest":  ""
             },
    "Google":  {
                   "Append":  false,
                   "Mirror":  true,
                   "Source":  "",
                   "Name":  "",
                   "Freq":  "Daily",
                   "Zip":  false,
                   "Keep":  3,
                   "Dest":  ""
               }
}
