{
  "meta": {
    "main_label": "SitePages",
    "second_label": "ProjectPages",
    "main_title": "Main Pages",
    "second_title": "Project Pages",
    "key_main": "main_pages",
    "key_second": "project_pages",
    "key_links": "links",
    "key_styles": "styles",
    "key_classes": "classes",
    "key_class_map": "class_map"
  },
  "main_pages": {
    "Home": "index.html",
    "About": "about.html",
    "Resume": "resume.html",
    "Projects": "projects.html",
    "Contact": "contact.html"
  },
  "project_pages": {
    "ThematicAnalysis": "ThematicAnalysis.html",
    "QuizCreator": "QuizCreator.html",
    "PortfolioWebsite": "PortfolioWebsite.html",
    "ArcadeCabinet": "arcade-cabinet.html",
    "GreenhouseBox": "GreenhousePlanterBox.html",
    "KVMLab": "kvm-lab.html",
    "SharepointGPS": "sharepoint-gps.html",
    "TerraceGardens": "TerraceGardens.html"
  },
  "links": [
    ["Home", "About"],
    ["Home", "Resume"],
    ["Home", "Projects"],
    ["Home", "Contact"],
    ["Projects", "ThematicAnalysis"],
    ["Projects", "QuizCreator"],
    ["Projects", "PortfolioWebsite"],
    ["Projects", "ArcadeCabinet"],
    ["Projects", "GreenhouseBox"],
    ["Projects", "KVMLab"],
    ["Projects", "SharepointGPS"],
    ["Projects", "TerraceGardens"]
  ],
  "class_map": {
    "Home": "primary",
    "About": "primary",
    "Resume": "primary",
    "Projects": "primary",
    "Contact": "primary",

    "ThematicAnalysis": "secondary",
    "QuizCreator": "secondary",
    "PortfolioWebsite": "secondary",
    "ArcadeCabinet": "secondary",
    "GreenhouseBox": "secondary",
    "KVMLab": "secondary",
    "SharepointGPS": "secondary",
    "TerraceGardens": "secondary"
  }
}
