{
  "meta": {
    "main_label": "HTMLPages",
    "second_label": "SubPages",
    "main_title": "Main Pages",
    "second_title": "Analysis Pages",
    "key_main": "main_pages",
    "key_second": "sub_pages",
    "key_links": "links",
    "key_styles": "styles",
    "key_classes": "classes",
    "key_class_map": "class_map"
  },
  "main_pages": {
    "Index": "Index.html"
  },
  "sub_pages": {
    "ModelBuilder": "Model-Builder.html",
    "Groupings": "Groupings.html",
    "GroupAnalysis": "Group-Analysis.html",
    "SubGroupAnalysis": "Sub-Group-Analysis.html",
    "FactorAnalysis": "Factor-Analysis.html"
  },
  "links": [
    ["Index", "ModelBuilder"],
    ["Index", "Groupings"],
    ["Index", "GroupAnalysis"],
    ["Index", "SubGroupAnalysis"],
    ["Index", "FactorAnalysis"]
  ],
  "class_map": {
    "Index": "primary",

    "ModelBuilder": "secondary",
    "Groupings": "secondary",
    "GroupAnalysis": "secondary",
    "SubGroupAnalysis": "secondary",
    "FactorAnalysis": "secondary"
  }
}
