{
  "10A6S1A600": {
    "Applications": ["KTorrent"],
    "SinglePorts": [
      {
        "Port": 22,
        "Protocol": "tcp",
        "IPs": [
          "192.168.4.50",
          "192.168.4.60",
          "192.168.4.100",
          "192.168.4.200"
        ]
      },
      {
        "Port": 3389,
        "Protocol": "tcp",
        "IPs": [
          "192.168.4.50",
          "192.168.4.60",
          "192.168.4.100",
          "192.168.4.200"
        ]
      }
    ],
    "PortRanges": []
  }
}
