{
  "YOUR DESKTOP MODEL": {
    "Packages": "config/Desktop/DesktopPackages.json",
    "DEB": "config/Desktop/DesktopDEB.json",
    "ThirdParty": "config/Desktop/DesktopThirdParty.json",
    "Firewall": "config/Desktop/DesktopFW.json",
    "Flatpak": "config/Desktop/DesktopFlatpak.json",
    "Networks": "config/Desktop/DesktopNetwork.json",
    "Archive": "config/Desktop/DesktopArchive.json",
    "Docker": "config/Desktop/DesktopDocker.json",
    "RDP": "config/Desktop/DesktopRDP.json",
    "DOSLoader": "config/Desktop/DesktopMSDOS.json",
    "IPCam": "config/Desktop/DesktopIPCam.json",
    "Arcade": "config/Desktop/DesktopArcade.json"
  },
  "YOUR MEDIACENTRE MODEL": {
    "Packages": "config/MediaCentre/MediaCentrePackages.json",
    "DEB": "config/MediaCentre/MediaCentreDEB.json",
    "Services": "config/MediaCentre/MediaCentreServices.json",
    "Firewall": "config/MediaCentre/MediaCentreFW.json",
    "Flatpak": "config/MediaCentre/MediaCentreFlatpak.json",
    "Networks": "config/MediaCentre/MediaCentreNetwork.json",
    "Archive": "config/MediaCentre/MediaCentreArchive.json",
    "RDP": "config/MediaCentre/MediaCentreRDP.json",
    "IPCam": "config/MediaCentre/MediaCentreIPCam.json",
    "Arcade": "config/MediaCentre/MediaCentreArcade.json"
  },
  "YOUR LAPTOP MODEL": {
    "Packages": "config/Laptop/LaptopPackages.json",
    "DEB": "config/Laptop/LaptopDEB.json",
    "ThirdParty": "config/Laptop/LaptopThirdParty.json",
    "Firewall": "config/Laptop/LaptopFW.json",
    "Flatpak": "config/Laptop/LaptopFlatpak.json",
    "Networks": "config/Laptop/LaptopNetwork.json",
    "Archive": "config/Laptop/LaptopArchive.json",
    "Docker": "config/Laptop/LaptopDocker.json",
    "RDP": "config/Laptop/LaptopRDP.json",
    "DOSLoader": "config/Laptop/LaptopMSDOS.json",
    "IPCam": "config/Laptop/LaptopIPCam.json",
    "Arcade": "config/Laptop/LaptopArcade.json"
  },
  "Default": {
    "Packages": "config/Default/DefaultPackages.json",
    "DEB": "config/Default/DefaultDEB.json",
    "ThirdParty": "config/Default/DefaultThirdParty.json",
    "Firewall": "config/Default/DefaultFW.json",
    "Flatpak": "config/Default/DefaultFlatpak.json",
    "Networks": "config/Default/DefaultNetwork.json",
    "Archive": "config/Default/DefaultArchive.json",
    "Docker": "config/Default/DefaultDocker.json",
    "RDP": "config/Default/DefaultRDP.json",
    "IPCam": "config/Default/DefaultIPCam.json",
    "DOSLoader": "config/Defualt/DefaultMSDOS.json",
    "Arcade": "config/Defualt/DefaultArcade.json"
  }
}