{
  "defaults": {
    "rankdir": "LR",
    "nodesep": "1.2",
    "ranksep": "1.2",
    "margin": "0.5,0.5",
    "pad": "0.5",
    "dpi": "96",
    "splines": "polyline",
    "labelwrap": 20,
    "arrowsize": "2",
    "size": "12,6",
    "ratio": "expand",
    "center": "true"
  },
  "node_defaults": {
    "fontname": "Helvetica",
    "fontsize": "28",
    "style": "rounded,filled",
    "fontcolor": "black",
    "color": "black",
    "penwidth": "2",
    "fillcolor": "#3399ff:#0066cc",
    "width": "4",
    "height": "1.5",
    "margin": "0.2"
  },
  "edge_defaults": {
    "fontname": "Helvetica",
    "fontsize": "28",
    "fontcolor": "black",
    "penwidth": "4",
    "penwidth_yesno": "4",
    "penwidth_alt": "3",
    "fontsize_alt": "20",
    "arrowhead": "normal",
    "arrowsize": "1.5"
  },
  "shape_map": {
    "terminator": "ellipse",
    "decision": "diamond",
    "box": "rect"
  },
  "classes": {
    "action": "fillcolor:#f0f8ff,style:filled,shape:rect,fontcolor:black",
    "input": "fillcolor:#fffacd,style:filled,shape:parallelogram,fontcolor:black",
    "decision": "fillcolor:#ffe4e1,style:filled,shape:diamond,fontcolor:black",
    "terminator": "fillcolor:#d0ffd0,style:filled,shape:ellipse,fontcolor:black",
    "step": "fillcolor:#fff2cc,style:filled,shape:rect,fontcolor:black"
  }
}
