{
  "theme": "base",
  "themeVariables": {
    "fontSize": "16px",
    "fontFamily": "Arial, sans-serif",
    "fontWeight": "normal",
    "nodePadding": "25",
    "primaryColor": "#dab3ff",
    "primaryTextColor": "#000000",
    "primaryBorderColor": "#4b0082",
    "secondaryColor": "#f5c99f",
    "secondaryTextColor": "#000000",
    "secondaryBorderColor": "#7c3f00",
    "tertiaryColor": "#add8e6",
    "tertiaryTextColor": "#000000",
    "tertiaryBorderColor": "#003366",
    "lineColor": "#333333",
    "edgeLabelBackground": "#ffffff",
    "background": "#000000",
    "defaultBorderRadius": "12"
  }
}
