{
  "YOUR DESKTOP MODEL": {
    "Packages": "config/desktop/DesktopApps.json",
    "DEB": "config/desktop/DesktopApps.json",
    "ThirdParty": "config/desktop/DesktopApps.json",
    "FireWall":"config/desktop/DesktopFW.json",
    "Flatpak":"config/desktop/DesktopApps.json"
  },
  "YOUR MEDIACENTRE MODEL": {
    "Packages": "config/mediaCentre/MediaCentreApps.json",
    "DEB": "config/mediaCentre/MediaCentreApps.json",
    "Services": "config/mediaCentre/MediaCentreServices.json",
    "FireWall":"config/mediaCentre/MediaCentreFW.json"
  },
  "YOUR LAPTOP MODEL": {
    "Packages": "config/laptop/LaptopApps.json",
    "DEB": "config/laptop/LaptopApps.json",
    "ThirdParty": "config/laptop/LaptopApps.json",
    "FireWall":"config/laptop/LaptopFW.json",
    "Flatpak":"config/laptop/LaptopApps.json"
  },
    "default": {
    "Packages": "config/default/DefaultApps.json",
    "DEB": "config/default/DefaultApps.json",
    "ThirdParty": "config/default/DefaultApps.json",
    "FireWall":"config/default/DefaultFW.json",
    "Flatpak":"config/default/DefaultApps.json",
    "Services": "config/default/DefaultServices.json"
  }
}
