{
  "nodes": {
    "PerformBackup": { "label": "Start Backup Operation" },
    "ValidateInputs": { "label": "Validate Source and Destination" },
    "RunZipOrFileCopy": { "label": "Run Zip or File Copy" },
    "DetectSyncStatus": { "label": "Check for Sync Completion" },
    "LogResults": { "label": "Log Results to Output" }
  },
  "connections": [
    ["PerformBackup", "ValidateInputs"],
    ["ValidateInputs", "RunZipOrFileCopy"],
    ["RunZipOrFileCopy", "DetectSyncStatus"],
    ["DetectSyncStatus", "LogResults"]
  ]
}
