{
  "nodes": {
    "BuildGUI": { "label": "Initialize Main Form" },
    "AddTabs": { "label": "Add Cloud Provider Tabs" },
    "AddZipOptions": { "label": "Insert Zip Options" },
    "AddFileCopyOptions": { "label": "Insert File Copy Options" },
    "AddActionButtons": { "label": "Add Backup and Shutdown Buttons" }
  },
  "connections": [
    ["BuildGUI", "AddTabs"],
    ["AddTabs", "AddZipOptions"],
    ["AddZipOptions", "AddFileCopyOptions"],
    ["AddFileCopyOptions", "AddActionButtons"]
  ]
}
