{
  "nodes": {
    "StartupMenu": { "label": "Display Startup Menu" },
    "Option1": { "label": "Install XRDP + XFCE" },
    "CheckAccount": { "label": "Check non-root account" },
    "InstallPackages": { "label": "Install required packages" },
    "ConfigureSession": { "label": "Configure XFCE session (.xsession)" },
    "AddToGroup": { "label": "Add xrdp user to ssl-cert group" },
    "RestartService": { "label": "Enable + restart xrdp service" },
    "Option2": { "label": "Uninstall XRDP" },
    "StopService": { "label": "Stop and disable xrdp service" },
    "PurgePackages": { "label": "Purge XRDP and cleanup session files" },
    "Option3": { "label": "reate Sudo User" },
    "CreateUser": { "label": "Prompt for username and create user" },
    "Option4": { "label": "Cancel" },
    "Exit": { "label": "Exit Script" }
  },
  "connections": [
    ["StartupMenu", "Option1"],
    ["Option1", "CheckAccount"],
    ["CheckAccount", "InstallPackages"],
    ["InstallPackages", "ConfigureSession"],
    ["ConfigureSession", "AddToGroup"],
    ["AddToGroup", "RestartService"],
    
    ["StartupMenu", "Option2"],
    ["Option2", "CheckAccount"],
    ["CheckAccount", "StopService"],
    ["StopService", "PurgePackages"],
    
    ["StartupMenu", "Option3"],
    ["Option3", "CheckAccount"],
    ["CheckAccount", "CreateUser"],
    
    ["StartupMenu", "Option4"],
    ["Option4", "Exit"]
  ]
}
