{
  "nodes": {
    "Init": { "label": "Check user, setup logs, detect model" },
    "LoadConfig": { "label": "Load model-specific APT package config" },
    "CheckPackages": { "label": "Check which packages are installed" },
    "PromptAction": { "label": "Prompt: Install, Uninstall, or Cancel" },

    "InstallFlow": { "label": "Install missing APT packages" },
    "UninstallFlow": { "label": "Uninstall listed APT packages" },

    "Finish": { "label": "Rotate logs and finish" }
  },
  "connections": [
    ["Init", "LoadConfig"],
    ["LoadConfig", "CheckPackages"],
    ["CheckPackages", "PromptAction"],

    ["PromptAction", "InstallFlow"],
    ["InstallFlow", "Finish"],

    ["PromptAction", "UninstallFlow"],
    ["UninstallFlow", "Finish"]
  ]
}
