{
  "nodes": {
    "CheckDependencies": {
      "label": "Check if 'pandas' and 'openpyxl' are installed"
    },
    "InstallIfMissing": {
      "label": "Install using pip or apt"
    },
    "LoadSheets": {
      "label": "Load Excel sheets M1 to Final"
    },
    "ConvertToJSON": {
      "label": "Convert each sheet to JSON records"
    },
    "WriteCombinedJSON": {
      "label": "Write combined JSON to QuizData.json"
    }
  },
  "connections": [
    ["CheckDependencies", "InstallIfMissing"],
    ["InstallIfMissing", "LoadSheets"],
    ["LoadSheets", "ConvertToJSON"],
    ["ConvertToJSON", "WriteCombinedJSON"]
  ]
}
