{
  "nodes": {
    "ReadQuizData": {
      "label": "Read QuizData.json"
    },
    "ConvertToLists": {
      "label": "Split 'Multiple Answers' & 'Correct Answer' into lists"
    },
    "GroupByModule": {
      "label": "Group questions by Module & Module Name"
    },
    "WriteCleanJSON": {
      "label": "Write cleaned QuizData-clean.json"
    },
    "WrapWithJSConst": {
      "label": "Wrap JSON with JS const to QuizData-JSON.js"
    }
  },
  "connections": [
    ["ReadQuizData", "ConvertToLists"],
    ["ConvertToLists", "GroupByModule"],
    ["GroupByModule", "WriteCleanJSON"],
    ["WriteCleanJSON", "WrapWithJSConst"]
  ]
}
