{
  "nodes": {
    "ReadJSON": {
      "label": "Read exported JSON files"
    },
    "CleanText": {
      "label": "Clean & split text fields"
    },
    "GroupData": {
      "label": "Group & wrap structured fields"
    },
    "TransformObjects": {
      "label": "Transform to numbered objects (if needed)"
    },
    "WriteCleanJSON": {
      "label": "Write cleaned JSON files"
    },
    "WrapJS": {
      "label": "Wrap JSON in JavaScript const variables"
    }
  },
  "connections": [
    ["ReadJSON", "CleanText"],
    ["CleanText", "GroupData"],
    ["GroupData", "TransformObjects"],
    ["TransformObjects", "WriteCleanJSON"],
    ["WriteCleanJSON", "WrapJS"]
  ]
}
