{
  "title": "download-title",
  "output_path": "/path/to/output/",
  "extract": false,
  "extract_extensions": [],
  "show_skipped": false,
  "skipped_preview": 10,
  "files": [
    {
      "url": "https://archive.org/download/streetfighterandthekingoffightersarcade/capsnk.zip",
      "check_file": "capsnk.zip"
    },
    {
      "url": "https://archive.org/download/streetfighterandthekingoffightersarcade/cvs2gd.zip",
      "check_file": "cvs2gd.zip"
    },
    {
      "url": "https://archive.org/download/streetfighterandthekingoffightersarcade/cvsgd.zip",
      "check_file": "cvsgd.zip"
    },
    {
      "url": "https://archive.org/download/streetfighterandthekingoffightersarcade/kf2k2mp2.zip",
      "check_file": "kf2k2mp2.zip"
    },
    {
      "url": "https://archive.org/download/streetfighterandthekingoffightersarcade/kf2k2ps2re.zip",
      "check_file": "kf2k2ps2re.zip"
    },
    {
      "url": "https://archive.org/download/streetfighterandthekingoffightersarcade/kf2k3pl.zip",
      "check_file": "kf2k3pl.zip"
    },
    {
      "url": "https://archive.org/download/streetfighterandthekingoffightersarcade/kof2000.zip",
      "check_file": "kof2000.zip"
    },
    {
      "url": "https://archive.org/download/streetfighterandthekingoffightersarcade/kof2001.zip",
      "check_file": "kof2001.zip"
    },
    {
      "url": "https://archive.org/download/streetfighterandthekingoffightersarcade/kof2002.zip",
      "check_file": "kof2002.zip"
    },
    {
      "url": "https://archive.org/download/streetfighterandthekingoffightersarcade/kof2002um.zip",
      "check_file": "kof2002um.zip"
    },
    {
      "url": "https://archive.org/download/streetfighterandthekingoffightersarcade/kof2003.zip",
      "check_file": "kof2003.zip"
    },
    {
      "url": "https://archive.org/download/streetfighterandthekingoffightersarcade/kof94.zip",
      "check_file": "kof94.zip"
    },
    {
      "url": "https://archive.org/download/streetfighterandthekingoffightersarcade/kof95.zip",
      "check_file": "kof95.zip"
    },
    {
      "url": "https://archive.org/download/streetfighterandthekingoffightersarcade/kof95a.zip",
      "check_file": "kof95a.zip"
    },
    {
      "url": "https://archive.org/download/streetfighterandthekingoffightersarcade/kof95h.zip",
      "check_file": "kof95h.zip"
    },
    {
      "url": "https://archive.org/download/streetfighterandthekingoffightersarcade/kof96.zip",
      "check_file": "kof96.zip"
    },
    {
      "url": "https://archive.org/download/streetfighterandthekingoffightersarcade/kof96mp.zip",
      "check_file": "kof96mp.zip"
    },
    {
      "url": "https://archive.org/download/streetfighterandthekingoffightersarcade/kof96rmp.zip",
      "check_file": "kof96rmp.zip"
    },
    {
      "url": "https://archive.org/download/streetfighterandthekingoffightersarcade/kof97.zip",
      "check_file": "kof97.zip"
    },
    {
      "url": "https://archive.org/download/streetfighterandthekingoffightersarcade/kof97pls.zip",
      "check_file": "kof97pls.zip"
    },
    {
      "url": "https://archive.org/download/streetfighterandthekingoffightersarcade/kof98.zip",
      "check_file": "kof98.zip"
    },
    {
      "url": "https://archive.org/download/streetfighterandthekingoffightersarcade/kof98sp.zip",
      "check_file": "kof98sp.zip"
    },
    {
      "url": "https://archive.org/download/streetfighterandthekingoffightersarcade/kof98um.zip",
      "check_file": "kof98um.zip"
    },
    {
      "url": "https://archive.org/download/streetfighterandthekingoffightersarcade/kof98umh.zip",
      "check_file": "kof98umh.zip"
    },
    {
      "url": "https://archive.org/download/streetfighterandthekingoffightersarcade/kof99.zip",
      "check_file": "kof99.zip"
    },
    {
      "url": "https://archive.org/download/streetfighterandthekingoffightersarcade/kofnw.zip",
      "check_file": "kofnw.zip"
    },
    {
      "url": "https://archive.org/download/streetfighterandthekingoffightersarcade/kofnwj.zip",
      "check_file": "kofnwj.zip"
    },
    {
      "url": "https://archive.org/download/streetfighterandthekingoffightersarcade/kofxi.zip",
      "check_file": "kofxi.zip"
    },
    {
      "url": "https://archive.org/download/streetfighterandthekingoffightersarcade/ngbc.zip",
      "check_file": "ngbc.zip"
    },
    {
      "url": "https://archive.org/download/streetfighterandthekingoffightersarcade/sf2ce.zip",
      "check_file": "sf2ce.zip"
    },
    {
      "url": "https://archive.org/download/streetfighterandthekingoffightersarcade/sf2ceea.zip",
      "check_file": "sf2ceea.zip"
    },
    {
      "url": "https://archive.org/download/streetfighterandthekingoffightersarcade/sf2ceja.zip",
      "check_file": "sf2ceja.zip"
    },
    {
      "url": "https://archive.org/download/streetfighterandthekingoffightersarcade/sfz3ugd.zip",
      "check_file": "sfz3ugd.zip"
    },
    {
      "url": "https://archive.org/download/streetfighterandthekingoffightersarcade/svc.zip",
      "check_file": "svc.zip"
    },
    {
      "url": "https://archive.org/download/streetfighterandthekingoffightersarcade/svcboot.zip",
      "check_file": "svcboot.zip"
    },
    {
      "url": "https://archive.org/download/streetfighterandthekingoffightersarcade/svcnd.zip",
      "check_file": "svcnd.zip"
    },
    {
      "url": "https://archive.org/download/streetfighterandthekingoffightersarcade/svcpcb.zip",
      "check_file": "svcpcb.zip"
    },
    {
      "url": "https://archive.org/download/streetfighterandthekingoffightersarcade/svcpcba.zip",
      "check_file": "svcpcba.zip"
    },
    {
      "url": "https://archive.org/download/streetfighterandthekingoffightersarcade/svcplusa.zip",
      "check_file": "svcplusa.zip"
    },
    {
      "url": "https://archive.org/download/streetfighterandthekingoffightersarcade/svcsplus.zip",
      "check_file": "svcsplus.zip"
    },
    {
      "url": "https://archive.org/download/streetfighterandthekingoffightersarcade/svcsryu.zip",
      "check_file": "svcsryu.zip"
    }
  ],
  "bulk_zip": {
    "url": "",
    "archive_ext": "zip",
    "check_files": []
  }
}