{
  "FIXED_FIELDS": [
    "Arcade",
    "Packages",
    "SettingsFiles",
    "SettingsFolders",
    "RemovePaths",
    "SetupDirs",
    "ResetDirs",
    "SetupCmds",
    "SetupScripts",
    "ResetCmds",
    "ChmodPaths",
    "ChownPaths"
  ],
  "EDITABLE_FIELDS": [
    "<MODEL_ID>",
    "<ARCADE_JOB>",
    "<values for the keys above>"
  ],
  "EXAMPLE": {
    "<MODEL_ID>": {
      "Arcade": {
        "mame": {
          "Packages": [],
          "SettingsFiles": [],
          "SettingsFolders": [],
          "RemovePaths": [],
          "SetupDirs": [],
          "ResetDirs": [],
          "SetupCmds": [],
          "SetupScripts": [],
          "ResetCmds": [],
          "ChmodPaths": [],
          "ChownPaths": []
        }
      }
    }
  },
  "DESCRIPTION": {
    "<MODEL_ID>": {
      "Arcade": {
        "<ARCADE_JOB>": {
          "Packages": "Describe what 'Packages' is used for.",
          "SettingsFiles": "Describe what 'SettingsFiles' is used for.",
          "SettingsFolders": "Describe what 'SettingsFolders' is used for.",
          "RemovePaths": "Describe what 'RemovePaths' is used for.",
          "SetupDirs": "Describe what 'SetupDirs' is used for.",
          "ResetDirs": "Describe what 'ResetDirs' is used for.",
          "SetupCmds": "Describe what 'SetupCmds' is used for.",
          "SetupScripts": "Describe what 'SetupScripts' is used for.",
          "ResetCmds": "Describe what 'ResetCmds' is used for.",
          "ChmodPaths": "Describe what 'ChmodPaths' is used for.",
          "ChownPaths": "Describe what 'ChownPaths' is used for."
        }
      }
    }
  }
}
