{
  "FIXED_FIELDS": [
    "<MODEL_ID>.Archive",
    "<MODEL_ID>.Archive.<VALUES>.DownloadURL",
    "<MODEL_ID>.Archive.<VALUES>.DDownloadPath",
    "<MODEL_ID>.Archive.<VALUES>.DExtractTo",
    "<MODEL_ID>.Archive.<VALUES>.DStripTopLevel",
    "<MODEL_ID>.Archive.<VALUES>.DCheckPath",
    "<MODEL_ID>.Archive.<VALUES>.DEnableService",
    "<MODEL_ID>.Archive.<VALUES>.D.PostInstall",
    "<MODEL_ID>.Archive.<VALUES>.DPostUninstall",
    "<MODEL_ID>.Archive.<VALUES>.DTrashPaths"
  ],
  "EDITABLE_FIELDS": [
    "<MODEL_ID>",
    "<MODEL_ID>.Archive.<VALUES>.",
    "<MODEL_ID>.Archive.<VALUES>.DownloadURL.<VALUES>",
    "<MODEL_ID>.Archive.<VALUES>.DownloadPath.<VALUES>",
    "<MODEL_ID>.Archive.<VALUES>.ExtractTo.<VALUES>",
    "<MODEL_ID>.Archive.<VALUES>.StripTopLevel.<VALUES>",
    "<MODEL_ID>.Archive.<VALUES>.CheckPath.<VALUES>",
    "<MODEL_ID>.Archive.<VALUES>.EnableService.<VALUES>",
    "<MODEL_ID>.Archive.<VALUES>.PostInstall.<VALUES>",
    "<MODEL_ID>.Archive.<VALUES>.PostUninstall.<VALUES>",
    "<MODEL_ID>.Archive.<VALUES>.TrashPaths.<VALUES>"
  ],
  "EXAMPLE": {
    "<MODEL_ID>": {
      "Archive": {
        "mytool": {
          "DownloadURL": "https://example.com/releases/mytool-linux-amd64.tar.gz",
          "DownloadPath": "/tmp/debian_loader_downloads",
          "ExtractTo": "/opt/mytool",
          "StripTopLevel": true,
          "CheckPath": "/opt/mytool/mytool",
          "EnableService": false,
          "PostInstall": [
            "ln -sf /opt/mytool/mytool /usr/local/bin/mytool"
          ],
          "PostUninstall": [
            "rm -f /usr/local/bin/mytool"
          ],
          "TrashPaths": [
            "/opt/mytool.old"
          ]
        }
      }
    }
  },
  "DESCRIPTION": {
    "<MODEL_ID>.Archive.<VALUES>": "An archive install job that downloads, extracts, and optionally configures a tool.",
    "<MODEL_ID>.Archive.<VALUES>.DownloadURL.<VALUES>": "Direct URL to an archive file (zip, tar.gz, etc).",
    "<MODEL_ID>.Archive.<VALUES>.DownloadPath.<VALUES>": "Directory where the archive will be downloaded before extraction.",
    "<MODEL_ID>.Archive.<VALUES>.ExtractTo.<VALUES>": "Destination directory where the archive contents will be extracted.",
    "<MODEL_ID>.Archive.<VALUES>.StripTopLevel.<VALUES>": "If true, removes the top-level folder inside the archive during extraction.",
    "<MODEL_ID>.Archive.<VALUES>.CheckPath.<VALUES>": "Path that must exist after install (used for install/status detection).",
    "<MODEL_ID>.Archive.<VALUES>.EnableService.<VALUES>": "If true, attempts to enable/start a service after install (only if applicable).",
    "<MODEL_ID>.Archive.<VALUES>.PostInstall.<VALUES>": "Shell commands executed after extraction (symlinks, permissions, setup).",
    "<MODEL_ID>.Archive.<VALUES>.PostUninstall.<VALUES>": "Shell commands executed during uninstall cleanup.",
    "<MODEL_ID>.Archive.<VALUES>.TrashPaths.<VALUES>": "Extra paths to remove during cleanup (old directories or files)."
  }
}
