{
  "FIXED_FIELDS": [
    "<MODEL_ID>.Backup",
    "<MODEL_ID>.Backup.<VALUES>.CopyFolders",
    "<MODEL_ID>.Backup.<VALUES>.CopyFolders.copyName",
    "<MODEL_ID>.Backup.<VALUES>.CopyFolders.src",
    "<MODEL_ID>.Backup.<VALUES>.CopyFolders.dest",
    "<MODEL_ID>.Backup.<VALUES>.CopyFiles",
    "<MODEL_ID>.Backup.<VALUES>.CopyFiles.copyName",
    "<MODEL_ID>.Backup.<VALUES>.CopyFiles.src",
    "<MODEL_ID>.Backup.<VALUES>.CopyFiles.dest",
    "<MODEL_ID>.Backup.<VALUES>.ZipArchives",
    "<MODEL_ID>.Backup.<VALUES>.ZipArchives.zipName",
    "<MODEL_ID>.Backup.<VALUES>.ZipArchives.src",
    "<MODEL_ID>.Backup.<VALUES>.ZipArchives.output",
    "<MODEL_ID>.Backup.<VALUES>.CheckPath"
  ],
  "EDITABLE_FIELDS": [
    "<MODEL_ID>",
    "<MODEL_ID>.Backup.<VALUES>",
    "<MODEL_ID>.Backup.<VALUES>.CopyFolders.<VALUES>.copyName.<VALUES>",
    "<MODEL_ID>.Backup.<VALUES>.CopyFolders.<VALUES>.src.<VALUES>",
    "<MODEL_ID>.Backup.<VALUES>.CopyFolders.<VALUES>.dest.<VALUES>",
    "<MODEL_ID>.Backup.<VALUES>.CopyFiles.<VALUES>.copyName.<VALUES>",
    "<MODEL_ID>.Backup.<VALUES>.CopyFiles.<VALUES>.src.<VALUES>",
    "<MODEL_ID>.Backup.<VALUES>.CopyFiles.<VALUES>.dest.<VALUES>",
    "<MODEL_ID>.Backup.<VALUES>.ZipArchives.<VALUES>.zipName.<VALUES>",
    "<MODEL_ID>.Backup.<VALUES>.ZipArchives.<VALUES>.src.<VALUES>",
    "<MODEL_ID>.Backup.<VALUES>.ZipArchives.<VALUES>.output.<VALUES>",
    "<MODEL_ID>.Backup.<VALUES>.CheckPath.<VALUES>"
  ],
  "EXAMPLE": {
    "<MODEL_ID>": {
      "Backup": {
        "DebianSuite": {
          "CopyFolders": [
            {
              "copyName": "DebianConstants",
              "src": "$HOME/Documents/GitHub/DebianScripts/constants",
              "dest": "$HOME/Documents/GitHub/Backups/Debian/constants"
            }
          ],
          "CopyFiles": [
            {
              "copyName": "DebianLoader",
              "src": "$HOME/Documents/GitHub/DebianScripts/DebianLoader.py",
              "dest": "$HOME/Documents/GitHub/Backups/Debian/DebianLoader.py"
            }
          ],
          "ZipArchives": [
            {
              "zipName": "DebianScriptsSetupTools",
              "src": "$HOME/Documents/GitHub/Backups/Debian",
              "output": "$HOME/Documents/GitHub/Backups/DebianScriptsSetupTools.zip"
            }
          ],
          "CheckPath": "$HOME/Documents/GitHub/Backups/Debian"
        },
        "TextCreator": {
          "CopyFolders": [
            {
              "copyName": "TextCreator",
              "src": "$HOME/Documents/GitHub/AI/TextCreator",
              "dest": "$HOME/Documents/GitHub/Backups/TextCreator"
            }
          ],
          "CopyFiles": [],
          "ZipArchives": [
            {
              "zipName": "TextCreator",
              "src": "$HOME/Documents/GitHub/Backups/TextCreator",
              "output": "$HOME/Documents/GitHub/Backups/TextCreator.zip"
            }
          ],
          "CheckPath": "$HOME/Documents/GitHub/Backups/TextCreator"
        }
      }
    }
  },
  "DESCRIPTION": {
    "<MODEL_ID>.Backup.<VALUES>": "A backup job definition.",
    "<MODEL_ID>.Backup.<VALUES>.CopyFolders.<VALUES>": "List of folder copy entries.",
    "<MODEL_ID>.Backup.<VALUES>.CopyFolders.<VALUES>.copyName.<VALUES>": "Logical name used for logging/display.",
    "<MODEL_ID>.Backup.<VALUES>.CopyFolders.<VALUES>.src.<VALUES>": "Source folder path.",
    "<MODEL_ID>.Backup.<VALUES>.CopyFolders.<VALUES>.dest.<VALUES>": "Destination folder path.",
    "<MODEL_ID>.Backup.<VALUES>.CopyFiles.<VALUES>": "List of file copy entries.",
    "<MODEL_ID>.Backup.<VALUES>.CopyFiles.<VALUES>.copyName.<VALUES>": "Logical name used for logging/display.",
    "<MODEL_ID>.Backup.<VALUES>.CopyFiles.<VALUES>.src.<VALUES>": "Source file path.",
    "<MODEL_ID>.Backup.<VALUES>.CopyFiles.<VALUES>.dest.<VALUES>": "Destination file path.",
    "<MODEL_ID>.Backup.<VALUES>.ZipArchives.<VALUES>": "List of zip archive entries.",
    "<MODEL_ID>.Backup.<VALUES>.ZipArchives.<VALUES>.zipName.<VALUES>": "Name of the zip archive.",
    "<MODEL_ID>.Backup.<VALUES>.ZipArchives.<VALUES>.src.<VALUES>": "Folder to zip.",
    "<MODEL_ID>.Backup.<VALUES>.ZipArchives.<VALUES>.output.<VALUES>": "Output zip file path.",
    "<MODEL_ID>.Backup.<VALUES>.CheckPath.<VALUES>": "Path that must exist for the backup job to be considered valid."
  }
}
