{
  "FIXED_FIELDS": [
    "Backup",
    "CopyFolders",
    "CopyFiles",
    "ZipArchives",
    "CheckPath"
  ],
  "EDITABLE_FIELDS": [
    "<MODEL_ID>",
    "<BACKUP_JOB>",
    "<values for the keys above>"
  ],
  "EXAMPLE": {
    "<MODEL_ID>": {
      "Backup": {
        "example_backup": {
          "CopyFolders": [],
          "CopyFiles": [],
          "ZipArchives": [],
          "CheckPath": "/path/to/value"
        }
      }
    }
  },
  "DESCRIPTION": {
    "<MODEL_ID>": {
      "Backup": {
        "<BACKUP_JOB>": {
          "CopyFolders": "Describe what 'CopyFolders' is used for.",
          "CopyFiles": "Describe what 'CopyFiles' is used for.",
          "ZipArchives": "Describe what 'ZipArchives' is used for.",
          "CheckPath": "Describe what 'CheckPath' is used for."
        }
      }
    }
  }
}
