{
  "FIXED_FIELDS": [
    "Firewall",
    "Applications",
    "SinglePorts",
    "PortRanges"
  ],
  "EDITABLE_FIELDS": [
    "<MODEL_ID>",
    "<FIREWALL_JOB>",
    "<values for the keys above>"
  ],
  "EXAMPLE": {
    "<MODEL_ID>": {
      "Firewall": {
        "default_rules": {
          "Applications": [],
          "SinglePorts": [],
          "PortRanges": []
        }
      }
    }
  },
  "DESCRIPTION": {
    "<MODEL_ID>": {
      "Firewall": {
        "<FIREWALL_JOB>": {
          "Applications": "Describe what 'Applications' is used for.",
          "SinglePorts": "Describe what 'SinglePorts' is used for.",
          "PortRanges": "Describe what 'PortRanges' is used for."
        }
      }
    }
  }
}
