{
  "FIXED_FIELDS": [
    "Functions",
    "ModuleFolder",
    "CheckFolders",
    "CheckFiles"
  ],
  "EDITABLE_FIELDS": [
    "<MODEL_ID>",
    "<MODULE_FILE>",
    "<values for the keys above>"
  ],
  "EXAMPLE": {
    "<MODEL_ID>": {
      "Functions": {
        "json_utils.py": {
          "ModuleFolder": "/path/to/value",
          "CheckFolders": [],
          "CheckFiles": []
        }
      }
    }
  },
  "DESCRIPTION": {
    "<MODEL_ID>": {
      "Functions": {
        "<MODULE_FILE>": {
          "ModuleFolder": "Describe what 'ModuleFolder' is used for.",
          "CheckFolders": "Describe what 'CheckFolders' is used for.",
          "CheckFiles": "Describe what 'CheckFiles' is used for."
        }
      }
    }
  }
}
