{
  "FIXED_FIELDS": [
    "IPCam",
    "ServiceURL",
    "PlaylistFile",
    "userName",
    "EPGFile",
    "RestartService",
    "ServiceTemplate",
    "ServiceDest",
    "BinaryName",
    "DownloadURL",
    "InstallDir",
    "SymlinkPath",
    "TmpDir",
    "Cameras"
  ],
  "EDITABLE_FIELDS": [
    "<MODEL_ID>",
    "<IPCAM_JOB>",
    "<values for the keys above>"
  ],
  "EXAMPLE": {
    "<MODEL_ID>": {
      "IPCam": {
        "xteve": {
          "ServiceURL": "value",
          "PlaylistFile": "/path/to/value",
          "userName": "value",
          "EPGFile": "/path/to/value",
          "RestartService": false,
          "ServiceTemplate": "/path/to/value",
          "ServiceDest": "/path/to/value",
          "BinaryName": "value",
          "DownloadURL": "https://example.com/file",
          "InstallDir": "/path/to/value",
          "SymlinkPath": "/path/to/value",
          "TmpDir": "/path/to/value",
          "Cameras": []
        }
      }
    }
  },
  "DESCRIPTION": {
    "<MODEL_ID>": {
      "IPCam": {
        "<IPCAM_JOB>": {
          "ServiceURL": "Describe what 'ServiceURL' is used for.",
          "PlaylistFile": "Describe what 'PlaylistFile' is used for.",
          "userName": "Describe what 'userName' is used for.",
          "EPGFile": "Describe what 'EPGFile' is used for.",
          "RestartService": "Describe what 'RestartService' is used for.",
          "ServiceTemplate": "Describe what 'ServiceTemplate' is used for.",
          "ServiceDest": "Describe what 'ServiceDest' is used for.",
          "BinaryName": "Describe what 'BinaryName' is used for.",
          "DownloadURL": "Describe what 'DownloadURL' is used for.",
          "InstallDir": "Describe what 'InstallDir' is used for.",
          "SymlinkPath": "Describe what 'SymlinkPath' is used for.",
          "TmpDir": "Describe what 'TmpDir' is used for.",
          "Cameras": "Describe what 'Cameras' is used for."
        }
      }
    }
  }
}
