{
  "FIXED_FIELDS": [
    "<MODEL_ID>.IPCam",
    "<MODEL_ID>.IPCam.<VALUES>.ServiceURL",
    "<MODEL_ID>.IPCam.<VALUES>.PlaylistFile",
    "<MODEL_ID>.IPCam.<VALUES>.Username",
    "<MODEL_ID>.IPCam.<VALUES>.EPGFile",
    "<MODEL_ID>.IPCam.<VALUES>.RestartService",
    "<MODEL_ID>.IPCam.<VALUES>.ServiceTemplate",
    "<MODEL_ID>.IPCam.<VALUES>.ServiceDest",
    "<MODEL_ID>.IPCam.<VALUES>.DownloadURL",
    "<MODEL_ID>.IPCam.<VALUES>.InstallDir",
    "<MODEL_ID>.IPCam.<VALUES>.BinaryName",
    "<MODEL_ID>.IPCam.<VALUES>.SymlinkPath",
    "<MODEL_ID>.IPCam.<VALUES>.TmpDir",
    "<MODEL_ID>.IPCam.<VALUES>.Cameras",
    "<MODEL_ID>.IPCam.<VALUES>.Cameras.Name",
    "<MODEL_ID>.IPCam.<VALUES>.Cameras.URL",
    "<MODEL_ID>.IPCam.<VALUES>.Cameras.Description"
  ],
  "EDITABLE_FIELDS": [
    "<MODEL_ID>",
    "<MODEL_ID>.IPCam.<VALUES>",
    "<MODEL_ID>.IPCam.<VALUES>.ServiceURL.<VALUES>",
    "<MODEL_ID>.IPCam.<VALUES>.PlaylistFile.<VALUES>",
    "<MODEL_ID>.IPCam.<VALUES>.Username.<VALUES>",
    "<MODEL_ID>.IPCam.<VALUES>.EPGFile.<VALUES>",
    "<MODEL_ID>.IPCam.<VALUES>.RestartService.<VALUES>",
    "<MODEL_ID>.IPCam.<VALUES>.ServiceTemplate.<VALUES>",
    "<MODEL_ID>.IPCam.<VALUES>.ServiceDest.<VALUES>",
    "<MODEL_ID>.IPCam.<VALUES>.DownloadURL.<VALUES>",
    "<MODEL_ID>.IPCam.<VALUES>.InstallDir.<VALUES>",
    "<MODEL_ID>.IPCam.<VALUES>.BinaryName.<VALUES>",
    "<MODEL_ID>.IPCam.<VALUES>.SymlinkPath.<VALUES>",
    "<MODEL_ID>.IPCam.<VALUES>.TmpDir.<VALUES>",
    "<MODEL_ID>.IPCam.<VALUES>.Cameras.Name.<VALUES>",
    "<MODEL_ID>.IPCam.<VALUES>.Cameras.URL.<VALUES>",
    "<MODEL_ID>.IPCam.<VALUES>.Cameras.Description.<VALUES>"
  ],
  "EXAMPLE": {
    "<MODEL_ID>": {
      "IPCam": {
        "xteve": {
          "ServiceURL": "http://127.0.0.1:34400",
          "PlaylistFile": "/var/lib/xteve/playlist.m3u",
          "Username": "local",
          "EPGFile": "/var/lib/xteve/epg.xml",
          "RestartService": true,
          "ServiceTemplate": "settings/ipcam/services/xteve.service",
          "ServiceDest": "/etc/systemd/system/xteve.service",
          "DownloadURL": "https://example.com/xteve-linux-amd64.tar.gz",
          "InstallDir": "/opt/xteve",
          "BinaryName": "xteve",
          "SymlinkPath": "/usr/local/bin/xteve",
          "TmpDir": "/tmp/ipcam",
          "Cameras": [
            {
              "Name": "Front Door",
              "URL": "rtsp://192.168.1.50:554/stream1",
              "Description": "Front door cam (main entry)."
            },
            {
              "Name": "Driveway",
              "URL": "rtsp://192.168.1.51:554/stream1",
              "Description": "Driveway / street-facing cam."
            }
          ]
        },
        "playlist-only": {
          "ServiceURL": "http://127.0.0.1:34400",
          "PlaylistFile": "/var/lib/ipcam/playlist.m3u",
          "Username": "local",
          "EPGFile": "/var/lib/ipcam/epg.xml",
          "RestartService": false,
          "ServiceTemplate": "",
          "ServiceDest": "",
          "DownloadURL": "",
          "InstallDir": "",
          "BinaryName": "",
          "SymlinkPath": "",
          "TmpDir": "/tmp/ipcam",
          "Cameras": [
            {
              "Name": "Warehouse",
              "URL": "rtsp://192.168.1.60:554/stream1",
              "Description": "Warehouse internal cam."
            },
            {
              "Name": "Back Yard",
              "URL": "rtsp://192.168.1.61:554/stream1",
              "Description": "Back yard / fence line."
            }
          ]
        }
      }
    }
  },
  "DESCRIPTION": {
    "<MODEL_ID>.IPCam.<VALUES>": "An IPCam job that generates/updates an IPTV playlist and EPG from camera streams and can optionally manage an xTeVe service install/service file.",
    "<MODEL_ID>.IPCam.<VALUES>.ServiceURL.<VALUES>": "Base URL where the service will be reachable (used when printing links/instructions).",
    "<MODEL_ID>.IPCam.<VALUES>.PlaylistFile.<VALUES>": "Path to the generated M3U playlist file.",
    "<MODEL_ID>.IPCam.<VALUES>.Username.<VALUES>": "Username used in generated playlist URLs if required by your setup (or a label xTeVe uses).",
    "<MODEL_ID>.IPCam.<VALUES>.EPGFile.<VALUES>": "Path to the generated EPG XML file.",
    "<MODEL_ID>.IPCam.<VALUES>.RestartService.<VALUES>": "If true, restart the service after updates so changes take effect.",
    "<MODEL_ID>.IPCam.<VALUES>.ServiceTemplate.<VALUES>": "Source path to a systemd service template file shipped with your project (blank if not managing a service).",
    "<MODEL_ID>.IPCam.<VALUES>.ServiceDest.<VALUES>": "Destination path for the systemd service file (blank if not managing a service).",
    "<MODEL_ID>.IPCam.<VALUES>.DownloadURL.<VALUES>": "Direct download URL for the xTeVe (or related) binary archive used by your tool (blank if not installing).",
    "<MODEL_ID>.IPCam.<VALUES>.InstallDir.<VALUES>": "Directory where the tool installs/extracts the binary (blank if not installing).",
    "<MODEL_ID>.IPCam.<VALUES>.BinaryName.<VALUES>": "Name of the installed executable file (blank if not installing).",
    "<MODEL_ID>.IPCam.<VALUES>.SymlinkPath.<VALUES>": "Path to create a symlink to the executable (blank if not installing).",
    "<MODEL_ID>.IPCam.<VALUES>.TmpDir.<VALUES>": "Temporary working directory used for downloads/extracts.",
    "<MODEL_ID>.IPCam.<VALUES>.Cameras.Name.<VALUES>": "Friendly channel name for the camera (shown in playlist/UI).",
    "<MODEL_ID>.IPCam.<VALUES>.Cameras.URL.<VALUES>": "Full stream URL for the camera (RTSP/HTTP/HLS) that your player can open.",
    "<MODEL_ID>.IPCam.<VALUES>.Cameras.Description.<VALUES>": "Optional description text for the camera/channel."
  }
}
