{
  "FIXED_FIELDS": [
    "Launcher",
    "DownloadURL",
    "download_dir",
    "SettingsFiles",
    "SettingsFolders",
    "SettingsChmodPaths",
    "SettingsChownPaths",
    "RemovePaths",
    "SetupDirs",
    "KioskFiles",
    "DefaultDM",
    "KioskDM",
    "AdditionalPackages",
    "ChmodPaths",
    "ChownPaths",
    "ChownRecursive"
  ],
  "EDITABLE_FIELDS": [
    "<MODEL_ID>",
    "<LAUNCHER_JOB>",
    "<values for the keys above>"
  ],
  "EXAMPLE": {
    "<MODEL_ID>": {
      "Launcher": {
        "kiosk_launcher": {
          "DownloadURL": "https://example.com/file",
          "download_dir": "/path/to/value",
          "SettingsFiles": [],
          "SettingsFolders": [],
          "SettingsChmodPaths": [],
          "SettingsChownPaths": [],
          "RemovePaths": [],
          "SetupDirs": [],
          "KioskFiles": [],
          "DefaultDM": "value",
          "KioskDM": "value",
          "AdditionalPackages": [],
          "ChmodPaths": [],
          "ChownPaths": [],
          "ChownRecursive": false
        }
      }
    }
  },
  "DESCRIPTION": {
    "<MODEL_ID>": {
      "Launcher": {
        "<LAUNCHER_JOB>": {
          "DownloadURL": "Describe what 'DownloadURL' is used for.",
          "download_dir": "Describe what 'download_dir' is used for.",
          "SettingsFiles": "Describe what 'SettingsFiles' is used for.",
          "SettingsFolders": "Describe what 'SettingsFolders' is used for.",
          "SettingsChmodPaths": "Describe what 'SettingsChmodPaths' is used for.",
          "SettingsChownPaths": "Describe what 'SettingsChownPaths' is used for.",
          "RemovePaths": "Describe what 'RemovePaths' is used for.",
          "SetupDirs": "Describe what 'SetupDirs' is used for.",
          "KioskFiles": "Describe what 'KioskFiles' is used for.",
          "DefaultDM": "Describe what 'DefaultDM' is used for.",
          "KioskDM": "Describe what 'KioskDM' is used for.",
          "AdditionalPackages": "Describe what 'AdditionalPackages' is used for.",
          "ChmodPaths": "Describe what 'ChmodPaths' is used for.",
          "ChownPaths": "Describe what 'ChownPaths' is used for.",
          "ChownRecursive": "Describe what 'ChownRecursive' is used for."
        }
      }
    }
  }
}
