{
  "FIXED_FIELDS": [
    "<MODEL_ID>.ShutdownServices",
    "<MODEL_ID>.ShutdownServices.<VALUES>.Order",
    "<MODEL_ID>.ShutdownServices.<VALUES>.Name",
    "<MODEL_ID>.ShutdownServices.<VALUES>.ScriptSrc",
    "<MODEL_ID>.ShutdownServices.<VALUES>.ScriptDest",
    "<MODEL_ID>.ShutdownServices.<VALUES>.ServiceSrc",
    "<MODEL_ID>.ShutdownServices.<VALUES>.ServiceDest",
    "<MODEL_ID>.ShutdownServices.<VALUES>.LogPath",
    "<MODEL_ID>.ShutdownServices.<VALUES>.ConfigSrc",
    "<MODEL_ID>.ShutdownServices.<VALUES>.ConfigDest"
  ],
  "EDITABLE_FIELDS": [
    "<MODEL_ID>",
    "<MODEL_ID>.ShutdownServices.<VALUES>",
    "<MODEL_ID>.ShutdownServices.<VALUES>.Order.<VALUES>",
    "<MODEL_ID>.ShutdownServices.<VALUES>.Name.<VALUES>",
    "<MODEL_ID>.ShutdownServices.<VALUES>.ScriptSrc.<VALUES>",
    "<MODEL_ID>.ShutdownServices.<VALUES>.ScriptDest.<VALUES>",
    "<MODEL_ID>.ShutdownServices.<VALUES>.ServiceSrc.<VALUES>",
    "<MODEL_ID>.ShutdownServices.<VALUES>.ServiceDest.<VALUES>",
    "<MODEL_ID>.ShutdownServices.<VALUES>.LogPath.<VALUES>",
    "<MODEL_ID>.ShutdownServices.<VALUES>.ConfigSrc.<VALUES>",
    "<MODEL_ID>.ShutdownServices.<VALUES>.ConfigDest.<VALUES>"
  ],
  "EXAMPLE": {
    "<MODEL_ID>": {
      "ShutdownServices": {
        "backup-on-shutdown": {
          "Order": 10,
          "Name": "backup-on-shutdown",
          "ScriptSrc": "settings/services/backup-on-shutdown.sh",
          "ScriptDest": "/usr/local/bin/backup-on-shutdown.sh",
          "ServiceSrc": "settings/services/backup-on-shutdown.service",
          "ServiceDest": "/etc/systemd/system/backup-on-shutdown.service",
          "LogPath": "/var/log/backup-on-shutdown.log",
          "ConfigSrc": "",
          "ConfigDest": ""
        },
        "cleanup-temp-on-shutdown": {
          "Order": 20,
          "Name": "cleanup-temp-on-shutdown",
          "ScriptSrc": "settings/services/cleanup-temp.sh",
          "ScriptDest": "/usr/local/bin/cleanup-temp.sh",
          "ServiceSrc": "settings/services/cleanup-temp.service",
          "ServiceDest": "/etc/systemd/system/cleanup-temp.service",
          "LogPath": "/var/log/cleanup-temp.log",
          "ConfigSrc": "",
          "ConfigDest": ""
        }
      }
    }
  },
  "DESCRIPTION": {
    "<MODEL_ID>.ShutdownServices.<VALUES>": "A shutdown service job executed during system shutdown.",
    "<MODEL_ID>.ShutdownServices.<VALUES>.Order.<VALUES>": "Execution ordering number (lower runs first).",
    "<MODEL_ID>.ShutdownServices.<VALUES>.Name.<VALUES>": "Service name identifier.",
    "<MODEL_ID>.ShutdownServices.<VALUES>.ScriptSrc.<VALUES>": "Source script path in your repo/project.",
    "<MODEL_ID>.ShutdownServices.<VALUES>.ScriptDest.<VALUES>": "Destination path where the script will be installed.",
    "<MODEL_ID>.ShutdownServices.<VALUES>.ServiceSrc.<VALUES>": "Source systemd unit file in your repo/project.",
    "<MODEL_ID>.ShutdownServices.<VALUES>.ServiceDest.<VALUES>": "Destination systemd unit path.",
    "<MODEL_ID>.ShutdownServices.<VALUES>.LogPath.<VALUES>": "Where the service/script should write logs.",
    "<MODEL_ID>.ShutdownServices.<VALUES>.ConfigSrc.<VALUES>": "Optional config source path (blank if none).",
    "<MODEL_ID>.ShutdownServices.<VALUES>.ConfigDest.<VALUES>": "Optional config destination path (blank if none)."
  }
}
