{
  "FIXED_FIELDS": [
    "ShutdownServices",
    "ServiceName",
    "ScriptSrc",
    "ScriptDest",
    "ServiceSrc",
    "ServiceDest",
    "LogPath"
  ],
  "EDITABLE_FIELDS": [
    "<MODEL_ID>",
    "<SERVICE_JOB>",
    "<values for the keys above>"
  ],
  "EXAMPLE": {
    "<MODEL_ID>": {
      "ShutdownServices": {
        "example_service": {
          "ServiceName": "value",
          "ScriptSrc": "/path/to/value",
          "ScriptDest": "/path/to/value",
          "ServiceSrc": "/path/to/value",
          "ServiceDest": "/path/to/value",
          "LogPath": "/path/to/value"
        }
      }
    }
  },
  "DESCRIPTION": {
    "<MODEL_ID>": {
      "ShutdownServices": {
        "<SERVICE_JOB>": {
          "ServiceName": "Describe what 'ServiceName' is used for.",
          "ScriptSrc": "Describe what 'ScriptSrc' is used for.",
          "ScriptDest": "Describe what 'ScriptDest' is used for.",
          "ServiceSrc": "Describe what 'ServiceSrc' is used for.",
          "ServiceDest": "Describe what 'ServiceDest' is used for.",
          "LogPath": "Describe what 'LogPath' is used for."
        }
      }
    }
  }
}
