{
  "db": "thematic",
  "mainTable": "factor",
  "summaryFields": [
    {
      "table": "factor",
      "column": "name"
    },
    {
      "table": "group_col",
      "column": "name"
    }
  ],
  "detailFields": [
    {
      "table": "factor",
      "column": "id"
    },
    {
      "table": "factor",
      "column": "name"
    },
    {
      "table": "extract_factor",
      "column": "extracts_id"
    },
    {
      "table": "extract_factor",
      "column": "factor_id"
    },
    {
      "table": "factor_group",
      "column": "factor_id"
    },
    {
      "table": "factor_group",
      "column": "group_col_id"
    },
    {
      "table": "extracts",
      "column": "id"
    },
    {
      "table": "extracts",
      "column": "reference"
    },
    {
      "table": "extracts",
      "column": "extract_text"
    },
    {
      "table": "extracts",
      "column": "facts"
    },
    {
      "table": "extracts",
      "column": "notes"
    },
    {
      "table": "group_col",
      "column": "name"
    },
    {
      "table": "group_col",
      "column": "id"
    }
  ],
  "version": 2
}