{
  "db": "thematic",
  "mainTable": "group_col",
  "summaryFields": [
    {
      "table": "group_col",
      "column": "name"
    },
    {
      "table": "sub_group",
      "column": "name"
    }
  ],
  "detailFields": [
    {
      "table": "group_col",
      "column": "id"
    },
    {
      "table": "group_col",
      "column": "name"
    },
    {
      "table": "factor_group",
      "column": "factor_id"
    },
    {
      "table": "factor_group",
      "column": "group_col_id"
    },
    {
      "table": "group_sub_group",
      "column": "group_col_id"
    },
    {
      "table": "group_sub_group",
      "column": "sub_group_id"
    },
    {
      "table": "factor",
      "column": "name"
    },
    {
      "table": "factor",
      "column": "id"
    },
    {
      "table": "sub_group",
      "column": "name"
    },
    {
      "table": "sub_group",
      "column": "id"
    }
  ],
  "version": 2
}